carrier;weight_type;department;label;min_kg;max_kg;bracket;price_ht;price_per_100kg_ht
SCHENKER;less_100;01;AIN;1;9;1 - 9;29.5;
SCHENKER;less_100;01;AIN;10;19;10 - 19;33.64;
SCHENKER;less_100;01;AIN;20;29;20 - 29;37.77;
SCHENKER;less_100;01;AIN;30;39;30 - 39;41.9;
SCHENKER;less_100;01;AIN;40;49;40 - 49;45.44;
SCHENKER;less_100;01;AIN;50;59;50 - 59;48.97;
SCHENKER;less_100;01;AIN;60;69;60 - 69;52.52;
SCHENKER;less_100;01;AIN;70;79;70 - 79;56.06;
SCHENKER;less_100;01;AIN;80;100;80 - 100;61.96;
SCHENKER;less_100;02;AISNE;1;9;1 - 9;18.75;
SCHENKER;less_100;02;AISNE;10;19;10 - 19;21.37;
SCHENKER;less_100;02;AISNE;20;29;20 - 29;24.0;
SCHENKER;less_100;02;AISNE;30;39;30 - 39;26.61;
SCHENKER;less_100;02;AISNE;40;49;40 - 49;28.87;
SCHENKER;less_100;02;AISNE;50;59;50 - 59;31.12;
SCHENKER;less_100;02;AISNE;60;69;60 - 69;33.37;
SCHENKER;less_100;02;AISNE;70;79;70 - 79;35.62;
SCHENKER;less_100;02;AISNE;80;100;80 - 100;39.37;
SCHENKER;less_100;03;ALLIER;1;9;1 - 9;27.19;
SCHENKER;less_100;03;ALLIER;10;19;10 - 19;31.0;
SCHENKER;less_100;03;ALLIER;20;29;20 - 29;34.81;
SCHENKER;less_100;03;ALLIER;30;39;30 - 39;38.62;
SCHENKER;less_100;03;ALLIER;40;49;40 - 49;41.89;
SCHENKER;less_100;03;ALLIER;50;59;50 - 59;45.15;
SCHENKER;less_100;03;ALLIER;60;69;60 - 69;48.42;
SCHENKER;less_100;03;ALLIER;70;79;70 - 79;51.68;
SCHENKER;less_100;03;ALLIER;80;100;80 - 100;57.11;
SCHENKER;less_100;04;ALPES DE HAUTE- PROV;1;9;1 - 9;40.27;
SCHENKER;less_100;04;ALPES DE HAUTE- PROV;10;19;10 - 19;45.9;
SCHENKER;less_100;04;ALPES DE HAUTE- PROV;20;29;20 - 29;51.54;
SCHENKER;less_100;04;ALPES DE HAUTE- PROV;30;39;30 - 39;57.17;
SCHENKER;less_100;04;ALPES DE HAUTE- PROV;40;49;40 - 49;62.01;
SCHENKER;less_100;04;ALPES DE HAUTE- PROV;50;59;50 - 59;66.83;
SCHENKER;less_100;04;ALPES DE HAUTE- PROV;60;69;60 - 69;71.67;
SCHENKER;less_100;04;ALPES DE HAUTE- PROV;70;79;70 - 79;76.5;
SCHENKER;less_100;04;ALPES DE HAUTE- PROV;80;100;80 - 100;84.55;
SCHENKER;less_100;04;Localités d'altitude;1;9;1 - 9;48.33;
SCHENKER;less_100;04;Localités d'altitude;10;19;10 - 19;55.1;
SCHENKER;less_100;04;Localités d'altitude;20;29;20 - 29;61.86;
SCHENKER;less_100;04;Localités d'altitude;30;39;30 - 39;68.63;
SCHENKER;less_100;04;Localités d'altitude;40;49;40 - 49;74.42;
SCHENKER;less_100;04;Localités d'altitude;50;59;50 - 59;80.23;
SCHENKER;less_100;04;Localités d'altitude;60;69;60 - 69;86.02;
SCHENKER;less_100;04;Localités d'altitude;70;79;70 - 79;91.82;
SCHENKER;less_100;04;Localités d'altitude;80;100;80 - 100;101.49;
SCHENKER;less_100;05;ALPES (HAUTES-);1;9;1 - 9;39.5;
SCHENKER;less_100;05;ALPES (HAUTES-);10;19;10 - 19;45.02;
SCHENKER;less_100;05;ALPES (HAUTES-);20;29;20 - 29;50.55;
SCHENKER;less_100;05;ALPES (HAUTES-);30;39;30 - 39;56.08;
SCHENKER;less_100;05;ALPES (HAUTES-);40;49;40 - 49;60.82;
SCHENKER;less_100;05;ALPES (HAUTES-);50;59;50 - 59;65.56;
SCHENKER;less_100;05;ALPES (HAUTES-);60;69;60 - 69;70.3;
SCHENKER;less_100;05;ALPES (HAUTES-);70;79;70 - 79;75.04;
SCHENKER;less_100;05;ALPES (HAUTES-);80;100;80 - 100;82.94;
SCHENKER;less_100;05;Localités d'altitude;1;9;1 - 9;47.5;
SCHENKER;less_100;05;Localités d'altitude;10;19;10 - 19;54.15;
SCHENKER;less_100;05;Localités d'altitude;20;29;20 - 29;60.8;
SCHENKER;less_100;05;Localités d'altitude;30;39;30 - 39;67.44;
SCHENKER;less_100;05;Localités d'altitude;40;49;40 - 49;73.15;
SCHENKER;less_100;05;Localités d'altitude;50;59;50 - 59;78.85;
SCHENKER;less_100;05;Localités d'altitude;60;69;60 - 69;84.55;
SCHENKER;less_100;05;Localités d'altitude;70;79;70 - 79;90.25;
SCHENKER;less_100;05;Localités d'altitude;80;100;80 - 100;99.74;
SCHENKER;less_100;06;ALPES-MARITIMES;1;9;1 - 9;45.65;
SCHENKER;less_100;06;ALPES-MARITIMES;10;19;10 - 19;52.04;
SCHENKER;less_100;06;ALPES-MARITIMES;20;29;20 - 29;58.43;
SCHENKER;less_100;06;ALPES-MARITIMES;30;39;30 - 39;64.81;
SCHENKER;less_100;06;ALPES-MARITIMES;40;49;40 - 49;70.29;
SCHENKER;less_100;06;ALPES-MARITIMES;50;59;50 - 59;75.77;
SCHENKER;less_100;06;ALPES-MARITIMES;60;69;60 - 69;81.24;
SCHENKER;less_100;06;ALPES-MARITIMES;70;79;70 - 79;86.72;
SCHENKER;less_100;06;ALPES-MARITIMES;80;100;80 - 100;95.85;
SCHENKER;less_100;06;Localités d'altitude;1;9;1 - 9;54.12;
SCHENKER;less_100;06;Localités d'altitude;10;19;10 - 19;61.7;
SCHENKER;less_100;06;Localités d'altitude;20;29;20 - 29;69.27;
SCHENKER;less_100;06;Localités d'altitude;30;39;30 - 39;76.85;
SCHENKER;less_100;06;Localités d'altitude;40;49;40 - 49;83.34;
SCHENKER;less_100;06;Localités d'altitude;50;59;50 - 59;89.83;
SCHENKER;less_100;06;Localités d'altitude;60;69;60 - 69;96.33;
SCHENKER;less_100;06;Localités d'altitude;70;79;70 - 79;102.83;
SCHENKER;less_100;06;Localités d'altitude;80;100;80 - 100;113.65;
SCHENKER;less_100;07;ARDECHE;1;9;1 - 9;33.35;
SCHENKER;less_100;07;ARDECHE;10;19;10 - 19;38.01;
SCHENKER;less_100;07;ARDECHE;20;29;20 - 29;42.68;
SCHENKER;less_100;07;ARDECHE;30;39;30 - 39;47.36;
SCHENKER;less_100;07;ARDECHE;40;49;40 - 49;51.35;
SCHENKER;less_100;07;ARDECHE;50;59;50 - 59;55.36;
SCHENKER;less_100;07;ARDECHE;60;69;60 - 69;59.35;
SCHENKER;less_100;07;ARDECHE;70;79;70 - 79;63.36;
SCHENKER;less_100;07;ARDECHE;80;100;80 - 100;70.03;
SCHENKER;less_100;08;ARDENNES;1;9;1 - 9;22.59;
SCHENKER;less_100;08;ARDENNES;10;19;10 - 19;25.75;
SCHENKER;less_100;08;ARDENNES;20;29;20 - 29;28.91;
SCHENKER;less_100;08;ARDENNES;30;39;30 - 39;32.07;
SCHENKER;less_100;08;ARDENNES;40;49;40 - 49;34.79;
SCHENKER;less_100;08;ARDENNES;50;59;50 - 59;37.49;
SCHENKER;less_100;08;ARDENNES;60;69;60 - 69;40.21;
SCHENKER;less_100;08;ARDENNES;70;79;70 - 79;42.92;
SCHENKER;less_100;08;ARDENNES;80;100;80 - 100;47.43;
SCHENKER;less_100;09;ARIEGE;1;9;1 - 9;40.27;
SCHENKER;less_100;09;ARIEGE;10;19;10 - 19;45.9;
SCHENKER;less_100;09;ARIEGE;20;29;20 - 29;51.54;
SCHENKER;less_100;09;ARIEGE;30;39;30 - 39;57.17;
SCHENKER;less_100;09;ARIEGE;40;49;40 - 49;62.01;
SCHENKER;less_100;09;ARIEGE;50;59;50 - 59;66.83;
SCHENKER;less_100;09;ARIEGE;60;69;60 - 69;71.67;
SCHENKER;less_100;09;ARIEGE;70;79;70 - 79;76.5;
SCHENKER;less_100;09;ARIEGE;80;100;80 - 100;84.55;
SCHENKER;less_100;09;Localités d'altitude;1;9;1 - 9;48.33;
SCHENKER;less_100;09;Localités d'altitude;10;19;10 - 19;55.1;
SCHENKER;less_100;09;Localités d'altitude;20;29;20 - 29;61.86;
SCHENKER;less_100;09;Localités d'altitude;30;39;30 - 39;68.63;
SCHENKER;less_100;09;Localités d'altitude;40;49;40 - 49;74.42;
SCHENKER;less_100;09;Localités d'altitude;50;59;50 - 59;80.23;
SCHENKER;less_100;09;Localités d'altitude;60;69;60 - 69;86.02;
SCHENKER;less_100;09;Localités d'altitude;70;79;70 - 79;91.82;
SCHENKER;less_100;09;Localités d'altitude;80;100;80 - 100;101.49;
SCHENKER;less_100;10;AUBE;1;9;1 - 9;21.82;
SCHENKER;less_100;10;AUBE;10;19;10 - 19;24.87;
SCHENKER;less_100;10;AUBE;20;29;20 - 29;27.92;
SCHENKER;less_100;10;AUBE;30;39;30 - 39;30.99;
SCHENKER;less_100;10;AUBE;40;49;40 - 49;33.6;
SCHENKER;less_100;10;AUBE;50;59;50 - 59;36.22;
SCHENKER;less_100;10;AUBE;60;69;60 - 69;38.84;
SCHENKER;less_100;10;AUBE;70;79;70 - 79;41.46;
SCHENKER;less_100;10;AUBE;80;100;80 - 100;45.82;
SCHENKER;less_100;11;AUDE;1;9;1 - 9;41.03;
SCHENKER;less_100;11;AUDE;10;19;10 - 19;46.78;
SCHENKER;less_100;11;AUDE;20;29;20 - 29;52.52;
SCHENKER;less_100;11;AUDE;30;39;30 - 39;58.27;
SCHENKER;less_100;11;AUDE;40;49;40 - 49;63.19;
SCHENKER;less_100;11;AUDE;50;59;50 - 59;68.11;
SCHENKER;less_100;11;AUDE;60;69;60 - 69;73.04;
SCHENKER;less_100;11;AUDE;70;79;70 - 79;77.96;
SCHENKER;less_100;11;AUDE;80;100;80 - 100;86.17;
SCHENKER;less_100;12;AVEYRON;1;9;1 - 9;37.96;
SCHENKER;less_100;12;AVEYRON;10;19;10 - 19;43.27;
SCHENKER;less_100;12;AVEYRON;20;29;20 - 29;48.58;
SCHENKER;less_100;12;AVEYRON;30;39;30 - 39;53.9;
SCHENKER;less_100;12;AVEYRON;40;49;40 - 49;58.46;
SCHENKER;less_100;12;AVEYRON;50;59;50 - 59;63.01;
SCHENKER;less_100;12;AVEYRON;60;69;60 - 69;67.56;
SCHENKER;less_100;12;AVEYRON;70;79;70 - 79;72.12;
SCHENKER;less_100;12;AVEYRON;80;100;80 - 100;79.71;
SCHENKER;less_100;13;BOUCHES DU RHONE;1;9;1 - 9;37.19;
SCHENKER;less_100;13;BOUCHES DU RHONE;10;19;10 - 19;42.39;
SCHENKER;less_100;13;BOUCHES DU RHONE;20;29;20 - 29;47.6;
SCHENKER;less_100;13;BOUCHES DU RHONE;30;39;30 - 39;52.81;
SCHENKER;less_100;13;BOUCHES DU RHONE;40;49;40 - 49;57.27;
SCHENKER;less_100;13;BOUCHES DU RHONE;50;59;50 - 59;61.73;
SCHENKER;less_100;13;BOUCHES DU RHONE;60;69;60 - 69;66.2;
SCHENKER;less_100;13;BOUCHES DU RHONE;70;79;70 - 79;70.66;
SCHENKER;less_100;13;BOUCHES DU RHONE;80;100;80 - 100;78.1;
SCHENKER;less_100;14;CALVADOS;1;9;1 - 9;22.59;
SCHENKER;less_100;14;CALVADOS;10;19;10 - 19;25.75;
SCHENKER;less_100;14;CALVADOS;20;29;20 - 29;28.91;
SCHENKER;less_100;14;CALVADOS;30;39;30 - 39;32.07;
SCHENKER;less_100;14;CALVADOS;40;49;40 - 49;34.79;
SCHENKER;less_100;14;CALVADOS;50;59;50 - 59;37.49;
SCHENKER;less_100;14;CALVADOS;60;69;60 - 69;40.21;
SCHENKER;less_100;14;CALVADOS;70;79;70 - 79;42.92;
SCHENKER;less_100;14;CALVADOS;80;100;80 - 100;47.43;
SCHENKER;less_100;15;CANTAL;1;9;1 - 9;32.58;
SCHENKER;less_100;15;CANTAL;10;19;10 - 19;37.14;
SCHENKER;less_100;15;CANTAL;20;29;20 - 29;41.7;
SCHENKER;less_100;15;CANTAL;30;39;30 - 39;46.26;
SCHENKER;less_100;15;CANTAL;40;49;40 - 49;50.17;
SCHENKER;less_100;15;CANTAL;50;59;50 - 59;54.08;
SCHENKER;less_100;15;CANTAL;60;69;60 - 69;57.99;
SCHENKER;less_100;15;CANTAL;70;79;70 - 79;61.9;
SCHENKER;less_100;15;CANTAL;80;100;80 - 100;68.41;
SCHENKER;less_100;16;CHARENTE;1;9;1 - 9;27.97;
SCHENKER;less_100;16;CHARENTE;10;19;10 - 19;31.88;
SCHENKER;less_100;16;CHARENTE;20;29;20 - 29;35.8;
SCHENKER;less_100;16;CHARENTE;30;39;30 - 39;39.72;
SCHENKER;less_100;16;CHARENTE;40;49;40 - 49;43.07;
SCHENKER;less_100;16;CHARENTE;50;59;50 - 59;46.42;
SCHENKER;less_100;16;CHARENTE;60;69;60 - 69;49.78;
SCHENKER;less_100;16;CHARENTE;70;79;70 - 79;53.14;
SCHENKER;less_100;16;CHARENTE;80;100;80 - 100;58.73;
SCHENKER;less_100;17;CHARENTE- MARITIME;1;9;1 - 9;27.97;
SCHENKER;less_100;17;CHARENTE- MARITIME;10;19;10 - 19;31.88;
SCHENKER;less_100;17;CHARENTE- MARITIME;20;29;20 - 29;35.8;
SCHENKER;less_100;17;CHARENTE- MARITIME;30;39;30 - 39;39.72;
SCHENKER;less_100;17;CHARENTE- MARITIME;40;49;40 - 49;43.07;
SCHENKER;less_100;17;CHARENTE- MARITIME;50;59;50 - 59;46.42;
SCHENKER;less_100;17;CHARENTE- MARITIME;60;69;60 - 69;49.78;
SCHENKER;less_100;17;CHARENTE- MARITIME;70;79;70 - 79;53.14;
SCHENKER;less_100;17;CHARENTE- MARITIME;80;100;80 - 100;58.73;
SCHENKER;less_100;17;CHARENTE- MARITIME Iles;1;9;1 - 9;35.09;
SCHENKER;less_100;17;CHARENTE- MARITIME Iles;10;19;10 - 19;39.99;
SCHENKER;less_100;17;CHARENTE- MARITIME Iles;20;29;20 - 29;44.91;
SCHENKER;less_100;17;CHARENTE- MARITIME Iles;30;39;30 - 39;49.82;
SCHENKER;less_100;17;CHARENTE- MARITIME Iles;40;49;40 - 49;54.03;
SCHENKER;less_100;17;CHARENTE- MARITIME Iles;50;59;50 - 59;58.24;
SCHENKER;less_100;17;CHARENTE- MARITIME Iles;60;69;60 - 69;62.45;
SCHENKER;less_100;17;CHARENTE- MARITIME Iles;70;79;70 - 79;66.66;
SCHENKER;less_100;17;CHARENTE- MARITIME Iles;80;100;80 - 100;73.68;
SCHENKER;less_100;18;CHER;1;9;1 - 9;24.9;
SCHENKER;less_100;18;CHER;10;19;10 - 19;28.38;
SCHENKER;less_100;18;CHER;20;29;20 - 29;31.86;
SCHENKER;less_100;18;CHER;30;39;30 - 39;35.35;
SCHENKER;less_100;18;CHER;40;49;40 - 49;38.33;
SCHENKER;less_100;18;CHER;50;59;50 - 59;41.32;
SCHENKER;less_100;18;CHER;60;69;60 - 69;44.31;
SCHENKER;less_100;18;CHER;70;79;70 - 79;47.29;
SCHENKER;less_100;18;CHER;80;100;80 - 100;52.28;
SCHENKER;less_100;19;CORREZE;1;9;1 - 9;31.04;
SCHENKER;less_100;19;CORREZE;10;19;10 - 19;35.38;
SCHENKER;less_100;19;CORREZE;20;29;20 - 29;39.73;
SCHENKER;less_100;19;CORREZE;30;39;30 - 39;44.08;
SCHENKER;less_100;19;CORREZE;40;49;40 - 49;47.8;
SCHENKER;less_100;19;CORREZE;50;59;50 - 59;51.52;
SCHENKER;less_100;19;CORREZE;60;69;60 - 69;55.25;
SCHENKER;less_100;19;CORREZE;70;79;70 - 79;58.98;
SCHENKER;less_100;19;CORREZE;80;100;80 - 100;65.18;
SCHENKER;less_100;20;CORSE;1;9;1 - 9;79.77;
SCHENKER;less_100;20;CORSE;10;19;10 - 19;90.95;
SCHENKER;less_100;20;CORSE;20;29;20 - 29;102.11;
SCHENKER;less_100;20;CORSE;30;39;30 - 39;113.28;
SCHENKER;less_100;20;CORSE;40;49;40 - 49;122.85;
SCHENKER;less_100;20;CORSE;50;59;50 - 59;132.43;
SCHENKER;less_100;20;CORSE;60;69;60 - 69;142.0;
SCHENKER;less_100;20;CORSE;70;79;70 - 79;151.57;
SCHENKER;less_100;20;CORSE;80;100;80 - 100;167.53;
SCHENKER;less_100;21;COTE-D OR;1;9;1 - 9;23.36;
SCHENKER;less_100;21;COTE-D OR;10;19;10 - 19;26.63;
SCHENKER;less_100;21;COTE-D OR;20;29;20 - 29;29.9;
SCHENKER;less_100;21;COTE-D OR;30;39;30 - 39;33.17;
SCHENKER;less_100;21;COTE-D OR;40;49;40 - 49;35.97;
SCHENKER;less_100;21;COTE-D OR;50;59;50 - 59;38.77;
SCHENKER;less_100;21;COTE-D OR;60;69;60 - 69;41.58;
SCHENKER;less_100;21;COTE-D OR;70;79;70 - 79;44.37;
SCHENKER;less_100;21;COTE-D OR;80;100;80 - 100;49.05;
SCHENKER;less_100;22;COTES-D ARMOR;1;9;1 - 9;27.97;
SCHENKER;less_100;22;COTES-D ARMOR;10;19;10 - 19;31.88;
SCHENKER;less_100;22;COTES-D ARMOR;20;29;20 - 29;35.8;
SCHENKER;less_100;22;COTES-D ARMOR;30;39;30 - 39;39.72;
SCHENKER;less_100;22;COTES-D ARMOR;40;49;40 - 49;43.07;
SCHENKER;less_100;22;COTES-D ARMOR;50;59;50 - 59;46.42;
SCHENKER;less_100;22;COTES-D ARMOR;60;69;60 - 69;49.78;
SCHENKER;less_100;22;COTES-D ARMOR;70;79;70 - 79;53.14;
SCHENKER;less_100;22;COTES-D ARMOR;80;100;80 - 100;58.73;
SCHENKER;less_100;22;COTES-D ARMOR Iles;1;9;1 - 9;35.09;
SCHENKER;less_100;22;COTES-D ARMOR Iles;10;19;10 - 19;39.99;
SCHENKER;less_100;22;COTES-D ARMOR Iles;20;29;20 - 29;44.91;
SCHENKER;less_100;22;COTES-D ARMOR Iles;30;39;30 - 39;49.82;
SCHENKER;less_100;22;COTES-D ARMOR Iles;40;49;40 - 49;54.03;
SCHENKER;less_100;22;COTES-D ARMOR Iles;50;59;50 - 59;58.24;
SCHENKER;less_100;22;COTES-D ARMOR Iles;60;69;60 - 69;62.45;
SCHENKER;less_100;22;COTES-D ARMOR Iles;70;79;70 - 79;66.66;
SCHENKER;less_100;22;COTES-D ARMOR Iles;80;100;80 - 100;73.68;
SCHENKER;less_100;23;CREUSE;1;9;1 - 9;28.73;
SCHENKER;less_100;23;CREUSE;10;19;10 - 19;32.76;
SCHENKER;less_100;23;CREUSE;20;29;20 - 29;36.78;
SCHENKER;less_100;23;CREUSE;30;39;30 - 39;40.8;
SCHENKER;less_100;23;CREUSE;40;49;40 - 49;44.26;
SCHENKER;less_100;23;CREUSE;50;59;50 - 59;47.7;
SCHENKER;less_100;23;CREUSE;60;69;60 - 69;51.15;
SCHENKER;less_100;23;CREUSE;70;79;70 - 79;54.59;
SCHENKER;less_100;23;CREUSE;80;100;80 - 100;60.35;
SCHENKER;less_100;24;DORDOGNE;1;9;1 - 9;32.58;
SCHENKER;less_100;24;DORDOGNE;10;19;10 - 19;37.14;
SCHENKER;less_100;24;DORDOGNE;20;29;20 - 29;41.7;
SCHENKER;less_100;24;DORDOGNE;30;39;30 - 39;46.26;
SCHENKER;less_100;24;DORDOGNE;40;49;40 - 49;50.17;
SCHENKER;less_100;24;DORDOGNE;50;59;50 - 59;54.08;
SCHENKER;less_100;24;DORDOGNE;60;69;60 - 69;57.99;
SCHENKER;less_100;24;DORDOGNE;70;79;70 - 79;61.9;
SCHENKER;less_100;24;DORDOGNE;80;100;80 - 100;68.41;
SCHENKER;less_100;25;DOUBS;1;9;1 - 9;27.19;
SCHENKER;less_100;25;DOUBS;10;19;10 - 19;31.0;
SCHENKER;less_100;25;DOUBS;20;29;20 - 29;34.81;
SCHENKER;less_100;25;DOUBS;30;39;30 - 39;38.62;
SCHENKER;less_100;25;DOUBS;40;49;40 - 49;41.89;
SCHENKER;less_100;25;DOUBS;50;59;50 - 59;45.15;
SCHENKER;less_100;25;DOUBS;60;69;60 - 69;48.42;
SCHENKER;less_100;25;DOUBS;70;79;70 - 79;51.68;
SCHENKER;less_100;25;DOUBS;80;100;80 - 100;57.11;
SCHENKER;less_100;25;DOUBS Localités d'altitude;1;9;1 - 9;34.25;
SCHENKER;less_100;25;DOUBS Localités d'altitude;10;19;10 - 19;39.05;
SCHENKER;less_100;25;DOUBS Localités d'altitude;20;29;20 - 29;43.84;
SCHENKER;less_100;25;DOUBS Localités d'altitude;30;39;30 - 39;48.64;
SCHENKER;less_100;25;DOUBS Localités d'altitude;40;49;40 - 49;52.75;
SCHENKER;less_100;25;DOUBS Localités d'altitude;50;59;50 - 59;56.86;
SCHENKER;less_100;25;DOUBS Localités d'altitude;60;69;60 - 69;60.98;
SCHENKER;less_100;25;DOUBS Localités d'altitude;70;79;70 - 79;65.08;
SCHENKER;less_100;25;DOUBS Localités d'altitude;80;100;80 - 100;71.94;
SCHENKER;less_100;26;DROME;1;9;1 - 9;32.58;
SCHENKER;less_100;26;DROME;10;19;10 - 19;37.14;
SCHENKER;less_100;26;DROME;20;29;20 - 29;41.7;
SCHENKER;less_100;26;DROME;30;39;30 - 39;46.26;
SCHENKER;less_100;26;DROME;40;49;40 - 49;50.17;
SCHENKER;less_100;26;DROME;50;59;50 - 59;54.08;
SCHENKER;less_100;26;DROME;60;69;60 - 69;57.99;
SCHENKER;less_100;26;DROME;70;79;70 - 79;61.9;
SCHENKER;less_100;26;DROME;80;100;80 - 100;68.41;
SCHENKER;less_100;27;EURE;1;9;1 - 9;17.98;
SCHENKER;less_100;27;EURE;10;19;10 - 19;20.49;
SCHENKER;less_100;27;EURE;20;29;20 - 29;23.01;
SCHENKER;less_100;27;EURE;30;39;30 - 39;25.53;
SCHENKER;less_100;27;EURE;40;49;40 - 49;27.68;
SCHENKER;less_100;27;EURE;50;59;50 - 59;29.84;
SCHENKER;less_100;27;EURE;60;69;60 - 69;32.0;
SCHENKER;less_100;27;EURE;70;79;70 - 79;34.15;
SCHENKER;less_100;27;EURE;80;100;80 - 100;37.75;
SCHENKER;less_100;28;EURE-ET-LOIR;1;9;1 - 9;21.05;
SCHENKER;less_100;28;EURE-ET-LOIR;10;19;10 - 19;24.0;
SCHENKER;less_100;28;EURE-ET-LOIR;20;29;20 - 29;26.94;
SCHENKER;less_100;28;EURE-ET-LOIR;30;39;30 - 39;29.89;
SCHENKER;less_100;28;EURE-ET-LOIR;40;49;40 - 49;32.42;
SCHENKER;less_100;28;EURE-ET-LOIR;50;59;50 - 59;34.94;
SCHENKER;less_100;28;EURE-ET-LOIR;60;69;60 - 69;37.47;
SCHENKER;less_100;28;EURE-ET-LOIR;70;79;70 - 79;40.0;
SCHENKER;less_100;28;EURE-ET-LOIR;80;100;80 - 100;44.21;
SCHENKER;less_100;29;FINISTERE;1;9;1 - 9;29.5;
SCHENKER;less_100;29;FINISTERE;10;19;10 - 19;33.64;
SCHENKER;less_100;29;FINISTERE;20;29;20 - 29;37.77;
SCHENKER;less_100;29;FINISTERE;30;39;30 - 39;41.9;
SCHENKER;less_100;29;FINISTERE;40;49;40 - 49;45.44;
SCHENKER;less_100;29;FINISTERE;50;59;50 - 59;48.97;
SCHENKER;less_100;29;FINISTERE;60;69;60 - 69;52.52;
SCHENKER;less_100;29;FINISTERE;70;79;70 - 79;56.06;
SCHENKER;less_100;29;FINISTERE;80;100;80 - 100;61.96;
SCHENKER;less_100;29;FINISTERE Iles;1;9;1 - 9;36.74;
SCHENKER;less_100;29;FINISTERE Iles;10;19;10 - 19;41.88;
SCHENKER;less_100;29;FINISTERE Iles;20;29;20 - 29;47.03;
SCHENKER;less_100;29;FINISTERE Iles;30;39;30 - 39;52.17;
SCHENKER;less_100;29;FINISTERE Iles;40;49;40 - 49;56.58;
SCHENKER;less_100;29;FINISTERE Iles;50;59;50 - 59;60.99;
SCHENKER;less_100;29;FINISTERE Iles;60;69;60 - 69;65.4;
SCHENKER;less_100;29;FINISTERE Iles;70;79;70 - 79;69.81;
SCHENKER;less_100;29;FINISTERE Iles;80;100;80 - 100;77.15;
SCHENKER;less_100;30;GARD;1;9;1 - 9;37.96;
SCHENKER;less_100;30;GARD;10;19;10 - 19;43.27;
SCHENKER;less_100;30;GARD;20;29;20 - 29;48.58;
SCHENKER;less_100;30;GARD;30;39;30 - 39;53.9;
SCHENKER;less_100;30;GARD;40;49;40 - 49;58.46;
SCHENKER;less_100;30;GARD;50;59;50 - 59;63.01;
SCHENKER;less_100;30;GARD;60;69;60 - 69;67.56;
SCHENKER;less_100;30;GARD;70;79;70 - 79;72.12;
SCHENKER;less_100;30;GARD;80;100;80 - 100;79.71;
SCHENKER;less_100;31;HAUTE-GARONNE;1;9;1 - 9;36.42;
SCHENKER;less_100;31;HAUTE-GARONNE;10;19;10 - 19;41.51;
SCHENKER;less_100;31;HAUTE-GARONNE;20;29;20 - 29;46.62;
SCHENKER;less_100;31;HAUTE-GARONNE;30;39;30 - 39;51.72;
SCHENKER;less_100;31;HAUTE-GARONNE;40;49;40 - 49;56.09;
SCHENKER;less_100;31;HAUTE-GARONNE;50;59;50 - 59;60.46;
SCHENKER;less_100;31;HAUTE-GARONNE;60;69;60 - 69;64.83;
SCHENKER;less_100;31;HAUTE-GARONNE;70;79;70 - 79;69.2;
SCHENKER;less_100;31;HAUTE-GARONNE;80;100;80 - 100;76.48;
SCHENKER;less_100;31;HAUTE-GARONNE Localités d'altitude;1;9;1 - 9;44.19;
SCHENKER;less_100;31;HAUTE-GARONNE Localités d'altitude;10;19;10 - 19;50.37;
SCHENKER;less_100;31;HAUTE-GARONNE Localités d'altitude;20;29;20 - 29;56.56;
SCHENKER;less_100;31;HAUTE-GARONNE Localités d'altitude;30;39;30 - 39;62.75;
SCHENKER;less_100;31;HAUTE-GARONNE Localités d'altitude;40;49;40 - 49;68.05;
SCHENKER;less_100;31;HAUTE-GARONNE Localités d'altitude;50;59;50 - 59;73.35;
SCHENKER;less_100;31;HAUTE-GARONNE Localités d'altitude;60;69;60 - 69;78.66;
SCHENKER;less_100;31;HAUTE-GARONNE Localités d'altitude;70;79;70 - 79;83.96;
SCHENKER;less_100;31;HAUTE-GARONNE Localités d'altitude;80;100;80 - 100;92.79;
SCHENKER;less_100;32;GERS;1;9;1 - 9;38.73;
SCHENKER;less_100;32;GERS;10;19;10 - 19;44.15;
SCHENKER;less_100;32;GERS;20;29;20 - 29;49.57;
SCHENKER;less_100;32;GERS;30;39;30 - 39;54.99;
SCHENKER;less_100;32;GERS;40;49;40 - 49;59.64;
SCHENKER;less_100;32;GERS;50;59;50 - 59;64.28;
SCHENKER;less_100;32;GERS;60;69;60 - 69;68.93;
SCHENKER;less_100;32;GERS;70;79;70 - 79;73.58;
SCHENKER;less_100;32;GERS;80;100;80 - 100;81.32;
SCHENKER;less_100;33;GIRONDE;1;9;1 - 9;31.81;
SCHENKER;less_100;33;GIRONDE;10;19;10 - 19;36.26;
SCHENKER;less_100;33;GIRONDE;20;29;20 - 29;40.71;
SCHENKER;less_100;33;GIRONDE;30;39;30 - 39;45.17;
SCHENKER;less_100;33;GIRONDE;40;49;40 - 49;48.99;
SCHENKER;less_100;33;GIRONDE;50;59;50 - 59;52.8;
SCHENKER;less_100;33;GIRONDE;60;69;60 - 69;56.62;
SCHENKER;less_100;33;GIRONDE;70;79;70 - 79;60.43;
SCHENKER;less_100;33;GIRONDE;80;100;80 - 100;66.8;
SCHENKER;less_100;34;HERAULT;1;9;1 - 9;38.73;
SCHENKER;less_100;34;HERAULT;10;19;10 - 19;44.15;
SCHENKER;less_100;34;HERAULT;20;29;20 - 29;49.57;
SCHENKER;less_100;34;HERAULT;30;39;30 - 39;54.99;
SCHENKER;less_100;34;HERAULT;40;49;40 - 49;59.64;
SCHENKER;less_100;34;HERAULT;50;59;50 - 59;64.28;
SCHENKER;less_100;34;HERAULT;60;69;60 - 69;68.93;
SCHENKER;less_100;34;HERAULT;70;79;70 - 79;73.58;
SCHENKER;less_100;34;HERAULT;80;100;80 - 100;81.32;
SCHENKER;less_100;35;ILLE-ET-VILAINE;1;9;1 - 9;23.36;
SCHENKER;less_100;35;ILLE-ET-VILAINE;10;19;10 - 19;26.63;
SCHENKER;less_100;35;ILLE-ET-VILAINE;20;29;20 - 29;29.9;
SCHENKER;less_100;35;ILLE-ET-VILAINE;30;39;30 - 39;33.17;
SCHENKER;less_100;35;ILLE-ET-VILAINE;40;49;40 - 49;35.97;
SCHENKER;less_100;35;ILLE-ET-VILAINE;50;59;50 - 59;38.77;
SCHENKER;less_100;35;ILLE-ET-VILAINE;60;69;60 - 69;41.58;
SCHENKER;less_100;35;ILLE-ET-VILAINE;70;79;70 - 79;44.37;
SCHENKER;less_100;35;ILLE-ET-VILAINE;80;100;80 - 100;49.05;
SCHENKER;less_100;36;INDRE;1;9;1 - 9;26.43;
SCHENKER;less_100;36;INDRE;10;19;10 - 19;30.13;
SCHENKER;less_100;36;INDRE;20;29;20 - 29;33.83;
SCHENKER;less_100;36;INDRE;30;39;30 - 39;37.53;
SCHENKER;less_100;36;INDRE;40;49;40 - 49;40.71;
SCHENKER;less_100;36;INDRE;50;59;50 - 59;43.87;
SCHENKER;less_100;36;INDRE;60;69;60 - 69;47.05;
SCHENKER;less_100;36;INDRE;70;79;70 - 79;50.22;
SCHENKER;less_100;36;INDRE;80;100;80 - 100;55.51;
SCHENKER;less_100;37;INDRE-ET-LOIRE;1;9;1 - 9;23.36;
SCHENKER;less_100;37;INDRE-ET-LOIRE;10;19;10 - 19;26.63;
SCHENKER;less_100;37;INDRE-ET-LOIRE;20;29;20 - 29;29.9;
SCHENKER;less_100;37;INDRE-ET-LOIRE;30;39;30 - 39;33.17;
SCHENKER;less_100;37;INDRE-ET-LOIRE;40;49;40 - 49;35.97;
SCHENKER;less_100;37;INDRE-ET-LOIRE;50;59;50 - 59;38.77;
SCHENKER;less_100;37;INDRE-ET-LOIRE;60;69;60 - 69;41.58;
SCHENKER;less_100;37;INDRE-ET-LOIRE;70;79;70 - 79;44.37;
SCHENKER;less_100;37;INDRE-ET-LOIRE;80;100;80 - 100;49.05;
SCHENKER;less_100;38;ISERE;1;9;1 - 9;31.81;
SCHENKER;less_100;38;ISERE;10;19;10 - 19;36.26;
SCHENKER;less_100;38;ISERE;20;29;20 - 29;40.71;
SCHENKER;less_100;38;ISERE;30;39;30 - 39;45.17;
SCHENKER;less_100;38;ISERE;40;49;40 - 49;48.99;
SCHENKER;less_100;38;ISERE;50;59;50 - 59;52.8;
SCHENKER;less_100;38;ISERE;60;69;60 - 69;56.62;
SCHENKER;less_100;38;ISERE;70;79;70 - 79;60.43;
SCHENKER;less_100;38;ISERE;80;100;80 - 100;66.8;
SCHENKER;less_100;38;ISERE Localités d'altitude;1;9;1 - 9;39.22;
SCHENKER;less_100;38;ISERE Localités d'altitude;10;19;10 - 19;44.71;
SCHENKER;less_100;38;ISERE Localités d'altitude;20;29;20 - 29;50.21;
SCHENKER;less_100;38;ISERE Localités d'altitude;30;39;30 - 39;55.69;
SCHENKER;less_100;38;ISERE Localités d'altitude;40;49;40 - 49;60.4;
SCHENKER;less_100;38;ISERE Localités d'altitude;50;59;50 - 59;65.11;
SCHENKER;less_100;38;ISERE Localités d'altitude;60;69;60 - 69;69.81;
SCHENKER;less_100;38;ISERE Localités d'altitude;70;79;70 - 79;74.53;
SCHENKER;less_100;38;ISERE Localités d'altitude;80;100;80 - 100;82.37;
SCHENKER;less_100;39;JURA;1;9;1 - 9;29.5;
SCHENKER;less_100;39;JURA;10;19;10 - 19;33.64;
SCHENKER;less_100;39;JURA;20;29;20 - 29;37.77;
SCHENKER;less_100;39;JURA;30;39;30 - 39;41.9;
SCHENKER;less_100;39;JURA;40;49;40 - 49;45.44;
SCHENKER;less_100;39;JURA;50;59;50 - 59;48.97;
SCHENKER;less_100;39;JURA;60;69;60 - 69;52.52;
SCHENKER;less_100;39;JURA;70;79;70 - 79;56.06;
SCHENKER;less_100;39;JURA;80;100;80 - 100;61.96;
SCHENKER;less_100;39;JURA Localités d'altitude;1;9;1 - 9;36.74;
SCHENKER;less_100;39;JURA Localités d'altitude;10;19;10 - 19;41.88;
SCHENKER;less_100;39;JURA Localités d'altitude;20;29;20 - 29;47.03;
SCHENKER;less_100;39;JURA Localités d'altitude;30;39;30 - 39;52.17;
SCHENKER;less_100;39;JURA Localités d'altitude;40;49;40 - 49;56.58;
SCHENKER;less_100;39;JURA Localités d'altitude;50;59;50 - 59;60.99;
SCHENKER;less_100;39;JURA Localités d'altitude;60;69;60 - 69;65.4;
SCHENKER;less_100;39;JURA Localités d'altitude;70;79;70 - 79;69.81;
SCHENKER;less_100;39;JURA Localités d'altitude;80;100;80 - 100;77.15;
SCHENKER;less_100;40;LANDES;1;9;1 - 9;37.19;
SCHENKER;less_100;40;LANDES;10;19;10 - 19;42.39;
SCHENKER;less_100;40;LANDES;20;29;20 - 29;47.6;
SCHENKER;less_100;40;LANDES;30;39;30 - 39;52.81;
SCHENKER;less_100;40;LANDES;40;49;40 - 49;57.27;
SCHENKER;less_100;40;LANDES;50;59;50 - 59;61.73;
SCHENKER;less_100;40;LANDES;60;69;60 - 69;66.2;
SCHENKER;less_100;40;LANDES;70;79;70 - 79;70.66;
SCHENKER;less_100;40;LANDES;80;100;80 - 100;78.1;
SCHENKER;less_100;41;LOIR-ET-CHER;1;9;1 - 9;23.36;
SCHENKER;less_100;41;LOIR-ET-CHER;10;19;10 - 19;26.63;
SCHENKER;less_100;41;LOIR-ET-CHER;20;29;20 - 29;29.9;
SCHENKER;less_100;41;LOIR-ET-CHER;30;39;30 - 39;33.17;
SCHENKER;less_100;41;LOIR-ET-CHER;40;49;40 - 49;35.97;
SCHENKER;less_100;41;LOIR-ET-CHER;50;59;50 - 59;38.77;
SCHENKER;less_100;41;LOIR-ET-CHER;60;69;60 - 69;41.58;
SCHENKER;less_100;41;LOIR-ET-CHER;70;79;70 - 79;44.37;
SCHENKER;less_100;41;LOIR-ET-CHER;80;100;80 - 100;49.05;
SCHENKER;less_100;42;LOIRE;1;9;1 - 9;29.5;
SCHENKER;less_100;42;LOIRE;10;19;10 - 19;33.64;
SCHENKER;less_100;42;LOIRE;20;29;20 - 29;37.77;
SCHENKER;less_100;42;LOIRE;30;39;30 - 39;41.9;
SCHENKER;less_100;42;LOIRE;40;49;40 - 49;45.44;
SCHENKER;less_100;42;LOIRE;50;59;50 - 59;48.97;
SCHENKER;less_100;42;LOIRE;60;69;60 - 69;52.52;
SCHENKER;less_100;42;LOIRE;70;79;70 - 79;56.06;
SCHENKER;less_100;42;LOIRE;80;100;80 - 100;61.96;
SCHENKER;less_100;42;LOIRE Localités d'altitude;1;9;1 - 9;36.74;
SCHENKER;less_100;42;LOIRE Localités d'altitude;10;19;10 - 19;41.88;
SCHENKER;less_100;42;LOIRE Localités d'altitude;20;29;20 - 29;47.03;
SCHENKER;less_100;42;LOIRE Localités d'altitude;30;39;30 - 39;52.17;
SCHENKER;less_100;42;LOIRE Localités d'altitude;40;49;40 - 49;56.58;
SCHENKER;less_100;42;LOIRE Localités d'altitude;50;59;50 - 59;60.99;
SCHENKER;less_100;42;LOIRE Localités d'altitude;60;69;60 - 69;65.4;
SCHENKER;less_100;42;LOIRE Localités d'altitude;70;79;70 - 79;69.81;
SCHENKER;less_100;42;LOIRE Localités d'altitude;80;100;80 - 100;77.15;
SCHENKER;less_100;43;HAUTE-LOIRE;1;9;1 - 9;32.58;
SCHENKER;less_100;43;HAUTE-LOIRE;10;19;10 - 19;37.14;
SCHENKER;less_100;43;HAUTE-LOIRE;20;29;20 - 29;41.7;
SCHENKER;less_100;43;HAUTE-LOIRE;30;39;30 - 39;46.26;
SCHENKER;less_100;43;HAUTE-LOIRE;40;49;40 - 49;50.17;
SCHENKER;less_100;43;HAUTE-LOIRE;50;59;50 - 59;54.08;
SCHENKER;less_100;43;HAUTE-LOIRE;60;69;60 - 69;57.99;
SCHENKER;less_100;43;HAUTE-LOIRE;70;79;70 - 79;61.9;
SCHENKER;less_100;43;HAUTE-LOIRE;80;100;80 - 100;68.41;
SCHENKER;less_100;44;LOIRE-ATLANTIQUE;1;9;1 - 9;25.66;
SCHENKER;less_100;44;LOIRE-ATLANTIQUE;10;19;10 - 19;29.25;
SCHENKER;less_100;44;LOIRE-ATLANTIQUE;20;29;20 - 29;32.85;
SCHENKER;less_100;44;LOIRE-ATLANTIQUE;30;39;30 - 39;36.44;
SCHENKER;less_100;44;LOIRE-ATLANTIQUE;40;49;40 - 49;39.52;
SCHENKER;less_100;44;LOIRE-ATLANTIQUE;50;59;50 - 59;42.6;
SCHENKER;less_100;44;LOIRE-ATLANTIQUE;60;69;60 - 69;45.68;
SCHENKER;less_100;44;LOIRE-ATLANTIQUE;70;79;70 - 79;48.76;
SCHENKER;less_100;44;LOIRE-ATLANTIQUE;80;100;80 - 100;53.89;
SCHENKER;less_100;45;LOIRET;1;9;1 - 9;21.82;
SCHENKER;less_100;45;LOIRET;10;19;10 - 19;24.87;
SCHENKER;less_100;45;LOIRET;20;29;20 - 29;27.92;
SCHENKER;less_100;45;LOIRET;30;39;30 - 39;30.99;
SCHENKER;less_100;45;LOIRET;40;49;40 - 49;33.6;
SCHENKER;less_100;45;LOIRET;50;59;50 - 59;36.22;
SCHENKER;less_100;45;LOIRET;60;69;60 - 69;38.84;
SCHENKER;less_100;45;LOIRET;70;79;70 - 79;41.46;
SCHENKER;less_100;45;LOIRET;80;100;80 - 100;45.82;
SCHENKER;less_100;46;LOT;1;9;1 - 9;35.65;
SCHENKER;less_100;46;LOT;10;19;10 - 19;40.64;
SCHENKER;less_100;46;LOT;20;29;20 - 29;45.64;
SCHENKER;less_100;46;LOT;30;39;30 - 39;50.63;
SCHENKER;less_100;46;LOT;40;49;40 - 49;54.9;
SCHENKER;less_100;46;LOT;50;59;50 - 59;59.18;
SCHENKER;less_100;46;LOT;60;69;60 - 69;63.46;
SCHENKER;less_100;46;LOT;70;79;70 - 79;67.74;
SCHENKER;less_100;46;LOT;80;100;80 - 100;74.87;
SCHENKER;less_100;47;LOT-ET-GARONNE;1;9;1 - 9;34.88;
SCHENKER;less_100;47;LOT-ET-GARONNE;10;19;10 - 19;39.77;
SCHENKER;less_100;47;LOT-ET-GARONNE;20;29;20 - 29;44.65;
SCHENKER;less_100;47;LOT-ET-GARONNE;30;39;30 - 39;49.54;
SCHENKER;less_100;47;LOT-ET-GARONNE;40;49;40 - 49;53.72;
SCHENKER;less_100;47;LOT-ET-GARONNE;50;59;50 - 59;57.91;
SCHENKER;less_100;47;LOT-ET-GARONNE;60;69;60 - 69;62.09;
SCHENKER;less_100;47;LOT-ET-GARONNE;70;79;70 - 79;66.28;
SCHENKER;less_100;47;LOT-ET-GARONNE;80;100;80 - 100;73.26;
SCHENKER;less_100;48;LOZERE;1;9;1 - 9;36.42;
SCHENKER;less_100;48;LOZERE;10;19;10 - 19;41.51;
SCHENKER;less_100;48;LOZERE;20;29;20 - 29;46.62;
SCHENKER;less_100;48;LOZERE;30;39;30 - 39;51.72;
SCHENKER;less_100;48;LOZERE;40;49;40 - 49;56.09;
SCHENKER;less_100;48;LOZERE;50;59;50 - 59;60.46;
SCHENKER;less_100;48;LOZERE;60;69;60 - 69;64.83;
SCHENKER;less_100;48;LOZERE;70;79;70 - 79;69.2;
SCHENKER;less_100;48;LOZERE;80;100;80 - 100;76.48;
SCHENKER;less_100;49;MAINE-ET-LOIRE;1;9;1 - 9;24.13;
SCHENKER;less_100;49;MAINE-ET-LOIRE;10;19;10 - 19;27.5;
SCHENKER;less_100;49;MAINE-ET-LOIRE;20;29;20 - 29;30.88;
SCHENKER;less_100;49;MAINE-ET-LOIRE;30;39;30 - 39;34.26;
SCHENKER;less_100;49;MAINE-ET-LOIRE;40;49;40 - 49;37.15;
SCHENKER;less_100;49;MAINE-ET-LOIRE;50;59;50 - 59;40.05;
SCHENKER;less_100;49;MAINE-ET-LOIRE;60;69;60 - 69;42.94;
SCHENKER;less_100;49;MAINE-ET-LOIRE;70;79;70 - 79;45.84;
SCHENKER;less_100;49;MAINE-ET-LOIRE;80;100;80 - 100;50.66;
SCHENKER;less_100;50;MANCHE;1;9;1 - 9;24.9;
SCHENKER;less_100;50;MANCHE;10;19;10 - 19;28.38;
SCHENKER;less_100;50;MANCHE;20;29;20 - 29;31.86;
SCHENKER;less_100;50;MANCHE;30;39;30 - 39;35.35;
SCHENKER;less_100;50;MANCHE;40;49;40 - 49;38.33;
SCHENKER;less_100;50;MANCHE;50;59;50 - 59;41.32;
SCHENKER;less_100;50;MANCHE;60;69;60 - 69;44.31;
SCHENKER;less_100;50;MANCHE;70;79;70 - 79;47.29;
SCHENKER;less_100;50;MANCHE;80;100;80 - 100;52.28;
SCHENKER;less_100;51;MARNE;1;9;1 - 9;22.59;
SCHENKER;less_100;51;MARNE;10;19;10 - 19;25.75;
SCHENKER;less_100;51;MARNE;20;29;20 - 29;28.91;
SCHENKER;less_100;51;MARNE;30;39;30 - 39;32.07;
SCHENKER;less_100;51;MARNE;40;49;40 - 49;34.79;
SCHENKER;less_100;51;MARNE;50;59;50 - 59;37.49;
SCHENKER;less_100;51;MARNE;60;69;60 - 69;40.21;
SCHENKER;less_100;51;MARNE;70;79;70 - 79;42.92;
SCHENKER;less_100;51;MARNE;80;100;80 - 100;47.43;
SCHENKER;less_100;52;HAUTE-MARNE;1;9;1 - 9;24.9;
SCHENKER;less_100;52;HAUTE-MARNE;10;19;10 - 19;28.38;
SCHENKER;less_100;52;HAUTE-MARNE;20;29;20 - 29;31.86;
SCHENKER;less_100;52;HAUTE-MARNE;30;39;30 - 39;35.35;
SCHENKER;less_100;52;HAUTE-MARNE;40;49;40 - 49;38.33;
SCHENKER;less_100;52;HAUTE-MARNE;50;59;50 - 59;41.32;
SCHENKER;less_100;52;HAUTE-MARNE;60;69;60 - 69;44.31;
SCHENKER;less_100;52;HAUTE-MARNE;70;79;70 - 79;47.29;
SCHENKER;less_100;52;HAUTE-MARNE;80;100;80 - 100;52.28;
SCHENKER;less_100;53;MAYENNE;1;9;1 - 9;26.43;
SCHENKER;less_100;53;MAYENNE;10;19;10 - 19;30.13;
SCHENKER;less_100;53;MAYENNE;20;29;20 - 29;33.83;
SCHENKER;less_100;53;MAYENNE;30;39;30 - 39;37.53;
SCHENKER;less_100;53;MAYENNE;40;49;40 - 49;40.71;
SCHENKER;less_100;53;MAYENNE;50;59;50 - 59;43.87;
SCHENKER;less_100;53;MAYENNE;60;69;60 - 69;47.05;
SCHENKER;less_100;53;MAYENNE;70;79;70 - 79;50.22;
SCHENKER;less_100;53;MAYENNE;80;100;80 - 100;55.51;
SCHENKER;less_100;54;MEURTHE-ET- MOSELLE;1;9;1 - 9;25.66;
SCHENKER;less_100;54;MEURTHE-ET- MOSELLE;10;19;10 - 19;29.25;
SCHENKER;less_100;54;MEURTHE-ET- MOSELLE;20;29;20 - 29;32.85;
SCHENKER;less_100;54;MEURTHE-ET- MOSELLE;30;39;30 - 39;36.44;
SCHENKER;less_100;54;MEURTHE-ET- MOSELLE;40;49;40 - 49;39.52;
SCHENKER;less_100;54;MEURTHE-ET- MOSELLE;50;59;50 - 59;42.6;
SCHENKER;less_100;54;MEURTHE-ET- MOSELLE;60;69;60 - 69;45.68;
SCHENKER;less_100;54;MEURTHE-ET- MOSELLE;70;79;70 - 79;48.76;
SCHENKER;less_100;54;MEURTHE-ET- MOSELLE;80;100;80 - 100;53.89;
SCHENKER;less_100;55;MEUSE;1;9;1 - 9;22.59;
SCHENKER;less_100;55;MEUSE;10;19;10 - 19;25.75;
SCHENKER;less_100;55;MEUSE;20;29;20 - 29;28.91;
SCHENKER;less_100;55;MEUSE;30;39;30 - 39;32.07;
SCHENKER;less_100;55;MEUSE;40;49;40 - 49;34.79;
SCHENKER;less_100;55;MEUSE;50;59;50 - 59;37.49;
SCHENKER;less_100;55;MEUSE;60;69;60 - 69;40.21;
SCHENKER;less_100;55;MEUSE;70;79;70 - 79;42.92;
SCHENKER;less_100;55;MEUSE;80;100;80 - 100;47.43;
SCHENKER;less_100;56;MORBIHAN;1;9;1 - 9;30.27;
SCHENKER;less_100;56;MORBIHAN;10;19;10 - 19;34.51;
SCHENKER;less_100;56;MORBIHAN;20;29;20 - 29;38.75;
SCHENKER;less_100;56;MORBIHAN;30;39;30 - 39;42.98;
SCHENKER;less_100;56;MORBIHAN;40;49;40 - 49;46.62;
SCHENKER;less_100;56;MORBIHAN;50;59;50 - 59;50.25;
SCHENKER;less_100;56;MORBIHAN;60;69;60 - 69;53.89;
SCHENKER;less_100;56;MORBIHAN;70;79;70 - 79;57.51;
SCHENKER;less_100;56;MORBIHAN;80;100;80 - 100;63.58;
SCHENKER;less_100;56;MORBIHAN Iles;1;9;1 - 9;37.57;
SCHENKER;less_100;56;MORBIHAN Iles;10;19;10 - 19;42.83;
SCHENKER;less_100;56;MORBIHAN Iles;20;29;20 - 29;48.09;
SCHENKER;less_100;56;MORBIHAN Iles;30;39;30 - 39;53.35;
SCHENKER;less_100;56;MORBIHAN Iles;40;49;40 - 49;57.85;
SCHENKER;less_100;56;MORBIHAN Iles;50;59;50 - 59;62.36;
SCHENKER;less_100;56;MORBIHAN Iles;60;69;60 - 69;66.87;
SCHENKER;less_100;56;MORBIHAN Iles;70;79;70 - 79;71.38;
SCHENKER;less_100;56;MORBIHAN Iles;80;100;80 - 100;78.9;
SCHENKER;less_100;57;MOSELLE;1;9;1 - 9;24.13;
SCHENKER;less_100;57;MOSELLE;10;19;10 - 19;27.5;
SCHENKER;less_100;57;MOSELLE;20;29;20 - 29;30.88;
SCHENKER;less_100;57;MOSELLE;30;39;30 - 39;34.26;
SCHENKER;less_100;57;MOSELLE;40;49;40 - 49;37.15;
SCHENKER;less_100;57;MOSELLE;50;59;50 - 59;40.05;
SCHENKER;less_100;57;MOSELLE;60;69;60 - 69;42.94;
SCHENKER;less_100;57;MOSELLE;70;79;70 - 79;45.84;
SCHENKER;less_100;57;MOSELLE;80;100;80 - 100;50.66;
SCHENKER;less_100;58;NIEVRE;1;9;1 - 9;26.43;
SCHENKER;less_100;58;NIEVRE;10;19;10 - 19;30.13;
SCHENKER;less_100;58;NIEVRE;20;29;20 - 29;33.83;
SCHENKER;less_100;58;NIEVRE;30;39;30 - 39;37.53;
SCHENKER;less_100;58;NIEVRE;40;49;40 - 49;40.71;
SCHENKER;less_100;58;NIEVRE;50;59;50 - 59;43.87;
SCHENKER;less_100;58;NIEVRE;60;69;60 - 69;47.05;
SCHENKER;less_100;58;NIEVRE;70;79;70 - 79;50.22;
SCHENKER;less_100;58;NIEVRE;80;100;80 - 100;55.51;
SCHENKER;less_100;59;NORD;1;9;1 - 9;16.44;
SCHENKER;less_100;59;NORD;10;19;10 - 19;18.74;
SCHENKER;less_100;59;NORD;20;29;20 - 29;21.04;
SCHENKER;less_100;59;NORD;30;39;30 - 39;23.35;
SCHENKER;less_100;59;NORD;40;49;40 - 49;25.32;
SCHENKER;less_100;59;NORD;50;59;50 - 59;27.29;
SCHENKER;less_100;59;NORD;60;69;60 - 69;29.26;
SCHENKER;less_100;59;NORD;70;79;70 - 79;31.24;
SCHENKER;less_100;59;NORD;80;100;80 - 100;34.52;
SCHENKER;less_100;60;OISE;1;9;1 - 9;16.44;
SCHENKER;less_100;60;OISE;10;19;10 - 19;18.74;
SCHENKER;less_100;60;OISE;20;29;20 - 29;21.04;
SCHENKER;less_100;60;OISE;30;39;30 - 39;23.35;
SCHENKER;less_100;60;OISE;40;49;40 - 49;25.32;
SCHENKER;less_100;60;OISE;50;59;50 - 59;27.29;
SCHENKER;less_100;60;OISE;60;69;60 - 69;29.26;
SCHENKER;less_100;60;OISE;70;79;70 - 79;31.24;
SCHENKER;less_100;60;OISE;80;100;80 - 100;34.52;
SCHENKER;less_100;61;ORNE;1;9;1 - 9;21.82;
SCHENKER;less_100;61;ORNE;10;19;10 - 19;24.87;
SCHENKER;less_100;61;ORNE;20;29;20 - 29;27.92;
SCHENKER;less_100;61;ORNE;30;39;30 - 39;30.99;
SCHENKER;less_100;61;ORNE;40;49;40 - 49;33.6;
SCHENKER;less_100;61;ORNE;50;59;50 - 59;36.22;
SCHENKER;less_100;61;ORNE;60;69;60 - 69;38.84;
SCHENKER;less_100;61;ORNE;70;79;70 - 79;41.46;
SCHENKER;less_100;61;ORNE;80;100;80 - 100;45.82;
SCHENKER;less_100;62;PAS-DE-CALAIS;1;9;1 - 9;17.21;
SCHENKER;less_100;62;PAS-DE-CALAIS;10;19;10 - 19;19.62;
SCHENKER;less_100;62;PAS-DE-CALAIS;20;29;20 - 29;22.03;
SCHENKER;less_100;62;PAS-DE-CALAIS;30;39;30 - 39;24.43;
SCHENKER;less_100;62;PAS-DE-CALAIS;40;49;40 - 49;26.5;
SCHENKER;less_100;62;PAS-DE-CALAIS;50;59;50 - 59;28.57;
SCHENKER;less_100;62;PAS-DE-CALAIS;60;69;60 - 69;30.63;
SCHENKER;less_100;62;PAS-DE-CALAIS;70;79;70 - 79;32.7;
SCHENKER;less_100;62;PAS-DE-CALAIS;80;100;80 - 100;36.14;
SCHENKER;less_100;63;PUY-DE-DOME;1;9;1 - 9;30.27;
SCHENKER;less_100;63;PUY-DE-DOME;10;19;10 - 19;34.51;
SCHENKER;less_100;63;PUY-DE-DOME;20;29;20 - 29;38.75;
SCHENKER;less_100;63;PUY-DE-DOME;30;39;30 - 39;42.98;
SCHENKER;less_100;63;PUY-DE-DOME;40;49;40 - 49;46.62;
SCHENKER;less_100;63;PUY-DE-DOME;50;59;50 - 59;50.25;
SCHENKER;less_100;63;PUY-DE-DOME;60;69;60 - 69;53.89;
SCHENKER;less_100;63;PUY-DE-DOME;70;79;70 - 79;57.51;
SCHENKER;less_100;63;PUY-DE-DOME;80;100;80 - 100;63.58;
SCHENKER;less_100;63;PUY-DE-DOME Localités d'altitude;1;9;1 - 9;37.57;
SCHENKER;less_100;63;PUY-DE-DOME Localités d'altitude;10;19;10 - 19;42.83;
SCHENKER;less_100;63;PUY-DE-DOME Localités d'altitude;20;29;20 - 29;48.09;
SCHENKER;less_100;63;PUY-DE-DOME Localités d'altitude;30;39;30 - 39;53.35;
SCHENKER;less_100;63;PUY-DE-DOME Localités d'altitude;40;49;40 - 49;57.85;
SCHENKER;less_100;63;PUY-DE-DOME Localités d'altitude;50;59;50 - 59;62.36;
SCHENKER;less_100;63;PUY-DE-DOME Localités d'altitude;60;69;60 - 69;66.87;
SCHENKER;less_100;63;PUY-DE-DOME Localités d'altitude;70;79;70 - 79;71.38;
SCHENKER;less_100;63;PUY-DE-DOME Localités d'altitude;80;100;80 - 100;78.9;
SCHENKER;less_100;64;PYRENEES- ATLANTIQUE;1;9;1 - 9;37.96;
SCHENKER;less_100;64;PYRENEES- ATLANTIQUE;10;19;10 - 19;43.27;
SCHENKER;less_100;64;PYRENEES- ATLANTIQUE;20;29;20 - 29;48.58;
SCHENKER;less_100;64;PYRENEES- ATLANTIQUE;30;39;30 - 39;53.9;
SCHENKER;less_100;64;PYRENEES- ATLANTIQUE;40;49;40 - 49;58.46;
SCHENKER;less_100;64;PYRENEES- ATLANTIQUE;50;59;50 - 59;63.01;
SCHENKER;less_100;64;PYRENEES- ATLANTIQUE;60;69;60 - 69;67.56;
SCHENKER;less_100;64;PYRENEES- ATLANTIQUE;70;79;70 - 79;72.12;
SCHENKER;less_100;64;PYRENEES- ATLANTIQUE;80;100;80 - 100;79.71;
SCHENKER;less_100;64;PYRENEES- ATLANTIQUE Localités d'altitude;1;9;1 - 9;45.85;
SCHENKER;less_100;64;PYRENEES- ATLANTIQUE Localités d'altitude;10;19;10 - 19;52.26;
SCHENKER;less_100;64;PYRENEES- ATLANTIQUE Localités d'altitude;20;29;20 - 29;58.68;
SCHENKER;less_100;64;PYRENEES- ATLANTIQUE Localités d'altitude;30;39;30 - 39;65.1;
SCHENKER;less_100;64;PYRENEES- ATLANTIQUE Localités d'altitude;40;49;40 - 49;70.6;
SCHENKER;less_100;64;PYRENEES- ATLANTIQUE Localités d'altitude;50;59;50 - 59;76.1;
SCHENKER;less_100;64;PYRENEES- ATLANTIQUE Localités d'altitude;60;69;60 - 69;81.6;
SCHENKER;less_100;64;PYRENEES- ATLANTIQUE Localités d'altitude;70;79;70 - 79;87.1;
SCHENKER;less_100;64;PYRENEES- ATLANTIQUE Localités d'altitude;80;100;80 - 100;96.27;
SCHENKER;less_100;65;HAUTES-PYRENEES;1;9;1 - 9;38.73;
SCHENKER;less_100;65;HAUTES-PYRENEES;10;19;10 - 19;44.15;
SCHENKER;less_100;65;HAUTES-PYRENEES;20;29;20 - 29;49.57;
SCHENKER;less_100;65;HAUTES-PYRENEES;30;39;30 - 39;54.99;
SCHENKER;less_100;65;HAUTES-PYRENEES;40;49;40 - 49;59.64;
SCHENKER;less_100;65;HAUTES-PYRENEES;50;59;50 - 59;64.28;
SCHENKER;less_100;65;HAUTES-PYRENEES;60;69;60 - 69;68.93;
SCHENKER;less_100;65;HAUTES-PYRENEES;70;79;70 - 79;73.58;
SCHENKER;less_100;65;HAUTES-PYRENEES;80;100;80 - 100;81.32;
SCHENKER;less_100;65;HAUTES-PYRENEES Localités d'altitude;1;9;1 - 9;46.68;
SCHENKER;less_100;65;HAUTES-PYRENEES Localités d'altitude;10;19;10 - 19;53.21;
SCHENKER;less_100;65;HAUTES-PYRENEES Localités d'altitude;20;29;20 - 29;59.74;
SCHENKER;less_100;65;HAUTES-PYRENEES Localités d'altitude;30;39;30 - 39;66.27;
SCHENKER;less_100;65;HAUTES-PYRENEES Localités d'altitude;40;49;40 - 49;71.87;
SCHENKER;less_100;65;HAUTES-PYRENEES Localités d'altitude;50;59;50 - 59;77.48;
SCHENKER;less_100;65;HAUTES-PYRENEES Localités d'altitude;60;69;60 - 69;83.07;
SCHENKER;less_100;65;HAUTES-PYRENEES Localités d'altitude;70;79;70 - 79;88.68;
SCHENKER;less_100;65;HAUTES-PYRENEES Localités d'altitude;80;100;80 - 100;98.01;
SCHENKER;less_100;66;PYRENEES- ORIENTALES;1;9;1 - 9;43.34;
SCHENKER;less_100;66;PYRENEES- ORIENTALES;10;19;10 - 19;49.41;
SCHENKER;less_100;66;PYRENEES- ORIENTALES;20;29;20 - 29;55.47;
SCHENKER;less_100;66;PYRENEES- ORIENTALES;30;39;30 - 39;61.53;
SCHENKER;less_100;66;PYRENEES- ORIENTALES;40;49;40 - 49;66.74;
SCHENKER;less_100;66;PYRENEES- ORIENTALES;50;59;50 - 59;71.94;
SCHENKER;less_100;66;PYRENEES- ORIENTALES;60;69;60 - 69;77.14;
SCHENKER;less_100;66;PYRENEES- ORIENTALES;70;79;70 - 79;82.34;
SCHENKER;less_100;66;PYRENEES- ORIENTALES;80;100;80 - 100;91.01;
SCHENKER;less_100;66;PYRENEES- ORIENTALES Localités d'altitude;1;9;1 - 9;51.63;
SCHENKER;less_100;66;PYRENEES- ORIENTALES Localités d'altitude;10;19;10 - 19;58.87;
SCHENKER;less_100;66;PYRENEES- ORIENTALES Localités d'altitude;20;29;20 - 29;66.09;
SCHENKER;less_100;66;PYRENEES- ORIENTALES Localités d'altitude;30;39;30 - 39;73.32;
SCHENKER;less_100;66;PYRENEES- ORIENTALES Localités d'altitude;40;49;40 - 49;79.52;
SCHENKER;less_100;66;PYRENEES- ORIENTALES Localités d'altitude;50;59;50 - 59;85.72;
SCHENKER;less_100;66;PYRENEES- ORIENTALES Localités d'altitude;60;69;60 - 69;91.92;
SCHENKER;less_100;66;PYRENEES- ORIENTALES Localités d'altitude;70;79;70 - 79;98.11;
SCHENKER;less_100;66;PYRENEES- ORIENTALES Localités d'altitude;80;100;80 - 100;108.43;
SCHENKER;less_100;67;BAS-RHIN;1;9;1 - 9;26.43;
SCHENKER;less_100;67;BAS-RHIN;10;19;10 - 19;30.13;
SCHENKER;less_100;67;BAS-RHIN;20;29;20 - 29;33.83;
SCHENKER;less_100;67;BAS-RHIN;30;39;30 - 39;37.53;
SCHENKER;less_100;67;BAS-RHIN;40;49;40 - 49;40.71;
SCHENKER;less_100;67;BAS-RHIN;50;59;50 - 59;43.87;
SCHENKER;less_100;67;BAS-RHIN;60;69;60 - 69;47.05;
SCHENKER;less_100;67;BAS-RHIN;70;79;70 - 79;50.22;
SCHENKER;less_100;67;BAS-RHIN;80;100;80 - 100;55.51;
SCHENKER;less_100;68;HAUT-RHIN;1;9;1 - 9;27.97;
SCHENKER;less_100;68;HAUT-RHIN;10;19;10 - 19;31.88;
SCHENKER;less_100;68;HAUT-RHIN;20;29;20 - 29;35.8;
SCHENKER;less_100;68;HAUT-RHIN;30;39;30 - 39;39.72;
SCHENKER;less_100;68;HAUT-RHIN;40;49;40 - 49;43.07;
SCHENKER;less_100;68;HAUT-RHIN;50;59;50 - 59;46.42;
SCHENKER;less_100;68;HAUT-RHIN;60;69;60 - 69;49.78;
SCHENKER;less_100;68;HAUT-RHIN;70;79;70 - 79;53.14;
SCHENKER;less_100;68;HAUT-RHIN;80;100;80 - 100;58.73;
SCHENKER;less_100;69;RHONE;1;9;1 - 9;27.97;
SCHENKER;less_100;69;RHONE;10;19;10 - 19;31.88;
SCHENKER;less_100;69;RHONE;20;29;20 - 29;35.8;
SCHENKER;less_100;69;RHONE;30;39;30 - 39;39.72;
SCHENKER;less_100;69;RHONE;40;49;40 - 49;43.07;
SCHENKER;less_100;69;RHONE;50;59;50 - 59;46.42;
SCHENKER;less_100;69;RHONE;60;69;60 - 69;49.78;
SCHENKER;less_100;69;RHONE;70;79;70 - 79;53.14;
SCHENKER;less_100;69;RHONE;80;100;80 - 100;58.73;
SCHENKER;less_100;70;HAUTE-SAONE;1;9;1 - 9;27.97;
SCHENKER;less_100;70;HAUTE-SAONE;10;19;10 - 19;31.88;
SCHENKER;less_100;70;HAUTE-SAONE;20;29;20 - 29;35.8;
SCHENKER;less_100;70;HAUTE-SAONE;30;39;30 - 39;39.72;
SCHENKER;less_100;70;HAUTE-SAONE;40;49;40 - 49;43.07;
SCHENKER;less_100;70;HAUTE-SAONE;50;59;50 - 59;46.42;
SCHENKER;less_100;70;HAUTE-SAONE;60;69;60 - 69;49.78;
SCHENKER;less_100;70;HAUTE-SAONE;70;79;70 - 79;53.14;
SCHENKER;less_100;70;HAUTE-SAONE;80;100;80 - 100;58.73;
SCHENKER;less_100;71;SAONE-ET-LOIRE;1;9;1 - 9;28.73;
SCHENKER;less_100;71;SAONE-ET-LOIRE;10;19;10 - 19;32.76;
SCHENKER;less_100;71;SAONE-ET-LOIRE;20;29;20 - 29;36.78;
SCHENKER;less_100;71;SAONE-ET-LOIRE;30;39;30 - 39;40.8;
SCHENKER;less_100;71;SAONE-ET-LOIRE;40;49;40 - 49;44.26;
SCHENKER;less_100;71;SAONE-ET-LOIRE;50;59;50 - 59;47.7;
SCHENKER;less_100;71;SAONE-ET-LOIRE;60;69;60 - 69;51.15;
SCHENKER;less_100;71;SAONE-ET-LOIRE;70;79;70 - 79;54.59;
SCHENKER;less_100;71;SAONE-ET-LOIRE;80;100;80 - 100;60.35;
SCHENKER;less_100;72;SARTHE;1;9;1 - 9;21.82;
SCHENKER;less_100;72;SARTHE;10;19;10 - 19;24.87;
SCHENKER;less_100;72;SARTHE;20;29;20 - 29;27.92;
SCHENKER;less_100;72;SARTHE;30;39;30 - 39;30.99;
SCHENKER;less_100;72;SARTHE;40;49;40 - 49;33.6;
SCHENKER;less_100;72;SARTHE;50;59;50 - 59;36.22;
SCHENKER;less_100;72;SARTHE;60;69;60 - 69;38.84;
SCHENKER;less_100;72;SARTHE;70;79;70 - 79;41.46;
SCHENKER;less_100;72;SARTHE;80;100;80 - 100;45.82;
SCHENKER;less_100;73;SAVOIE;1;9;1 - 9;31.04;
SCHENKER;less_100;73;SAVOIE;10;19;10 - 19;35.38;
SCHENKER;less_100;73;SAVOIE;20;29;20 - 29;39.73;
SCHENKER;less_100;73;SAVOIE;30;39;30 - 39;44.08;
SCHENKER;less_100;73;SAVOIE;40;49;40 - 49;47.8;
SCHENKER;less_100;73;SAVOIE;50;59;50 - 59;51.52;
SCHENKER;less_100;73;SAVOIE;60;69;60 - 69;55.25;
SCHENKER;less_100;73;SAVOIE;70;79;70 - 79;58.98;
SCHENKER;less_100;73;SAVOIE;80;100;80 - 100;65.18;
SCHENKER;less_100;73;SAVOIE Localités d'altitude;1;9;1 - 9;38.4;
SCHENKER;less_100;73;SAVOIE Localités d'altitude;10;19;10 - 19;43.77;
SCHENKER;less_100;73;SAVOIE Localités d'altitude;20;29;20 - 29;49.15;
SCHENKER;less_100;73;SAVOIE Localités d'altitude;30;39;30 - 39;54.52;
SCHENKER;less_100;73;SAVOIE Localités d'altitude;40;49;40 - 49;59.13;
SCHENKER;less_100;73;SAVOIE Localités d'altitude;50;59;50 - 59;63.73;
SCHENKER;less_100;73;SAVOIE Localités d'altitude;60;69;60 - 69;68.34;
SCHENKER;less_100;73;SAVOIE Localités d'altitude;70;79;70 - 79;72.95;
SCHENKER;less_100;73;SAVOIE Localités d'altitude;80;100;80 - 100;80.62;
SCHENKER;less_100;74;HAUTE-SAVOIE;1;9;1 - 9;31.04;
SCHENKER;less_100;74;HAUTE-SAVOIE;10;19;10 - 19;35.38;
SCHENKER;less_100;74;HAUTE-SAVOIE;20;29;20 - 29;39.73;
SCHENKER;less_100;74;HAUTE-SAVOIE;30;39;30 - 39;44.08;
SCHENKER;less_100;74;HAUTE-SAVOIE;40;49;40 - 49;47.8;
SCHENKER;less_100;74;HAUTE-SAVOIE;50;59;50 - 59;51.52;
SCHENKER;less_100;74;HAUTE-SAVOIE;60;69;60 - 69;55.25;
SCHENKER;less_100;74;HAUTE-SAVOIE;70;79;70 - 79;58.98;
SCHENKER;less_100;74;HAUTE-SAVOIE;80;100;80 - 100;65.18;
SCHENKER;less_100;74;HAUTE-SAVOIE Localités d'altitude;1;9;1 - 9;38.4;
SCHENKER;less_100;74;HAUTE-SAVOIE Localités d'altitude;10;19;10 - 19;43.77;
SCHENKER;less_100;74;HAUTE-SAVOIE Localités d'altitude;20;29;20 - 29;49.15;
SCHENKER;less_100;74;HAUTE-SAVOIE Localités d'altitude;30;39;30 - 39;54.52;
SCHENKER;less_100;74;HAUTE-SAVOIE Localités d'altitude;40;49;40 - 49;59.13;
SCHENKER;less_100;74;HAUTE-SAVOIE Localités d'altitude;50;59;50 - 59;63.73;
SCHENKER;less_100;74;HAUTE-SAVOIE Localités d'altitude;60;69;60 - 69;68.34;
SCHENKER;less_100;74;HAUTE-SAVOIE Localités d'altitude;70;79;70 - 79;72.95;
SCHENKER;less_100;74;HAUTE-SAVOIE Localités d'altitude;80;100;80 - 100;80.62;
SCHENKER;less_100;75;PARIS;1;9;1 - 9;18.75;
SCHENKER;less_100;75;PARIS;10;19;10 - 19;21.37;
SCHENKER;less_100;75;PARIS;20;29;20 - 29;24.0;
SCHENKER;less_100;75;PARIS;30;39;30 - 39;26.61;
SCHENKER;less_100;75;PARIS;40;49;40 - 49;28.87;
SCHENKER;less_100;75;PARIS;50;59;50 - 59;31.12;
SCHENKER;less_100;75;PARIS;60;69;60 - 69;33.37;
SCHENKER;less_100;75;PARIS;70;79;70 - 79;35.62;
SCHENKER;less_100;75;PARIS;80;100;80 - 100;39.37;
SCHENKER;less_100;76;SEINE-MARITIME;1;9;1 - 9;17.21;
SCHENKER;less_100;76;SEINE-MARITIME;10;19;10 - 19;19.62;
SCHENKER;less_100;76;SEINE-MARITIME;20;29;20 - 29;22.03;
SCHENKER;less_100;76;SEINE-MARITIME;30;39;30 - 39;24.43;
SCHENKER;less_100;76;SEINE-MARITIME;40;49;40 - 49;26.5;
SCHENKER;less_100;76;SEINE-MARITIME;50;59;50 - 59;28.57;
SCHENKER;less_100;76;SEINE-MARITIME;60;69;60 - 69;30.63;
SCHENKER;less_100;76;SEINE-MARITIME;70;79;70 - 79;32.7;
SCHENKER;less_100;76;SEINE-MARITIME;80;100;80 - 100;36.14;
SCHENKER;less_100;77;SEINE-ET-MARNE;1;9;1 - 9;21.05;
SCHENKER;less_100;77;SEINE-ET-MARNE;10;19;10 - 19;24.0;
SCHENKER;less_100;77;SEINE-ET-MARNE;20;29;20 - 29;26.94;
SCHENKER;less_100;77;SEINE-ET-MARNE;30;39;30 - 39;29.89;
SCHENKER;less_100;77;SEINE-ET-MARNE;40;49;40 - 49;32.42;
SCHENKER;less_100;77;SEINE-ET-MARNE;50;59;50 - 59;34.94;
SCHENKER;less_100;77;SEINE-ET-MARNE;60;69;60 - 69;37.47;
SCHENKER;less_100;77;SEINE-ET-MARNE;70;79;70 - 79;40.0;
SCHENKER;less_100;77;SEINE-ET-MARNE;80;100;80 - 100;44.21;
SCHENKER;less_100;78;YVELINES;1;9;1 - 9;19.51;
SCHENKER;less_100;78;YVELINES;10;19;10 - 19;22.25;
SCHENKER;less_100;78;YVELINES;20;29;20 - 29;24.98;
SCHENKER;less_100;78;YVELINES;30;39;30 - 39;27.71;
SCHENKER;less_100;78;YVELINES;40;49;40 - 49;30.05;
SCHENKER;less_100;78;YVELINES;50;59;50 - 59;32.39;
SCHENKER;less_100;78;YVELINES;60;69;60 - 69;34.73;
SCHENKER;less_100;78;YVELINES;70;79;70 - 79;37.07;
SCHENKER;less_100;78;YVELINES;80;100;80 - 100;40.98;
SCHENKER;less_100;79;DEUX-SEVRES;1;9;1 - 9;27.97;
SCHENKER;less_100;79;DEUX-SEVRES;10;19;10 - 19;31.88;
SCHENKER;less_100;79;DEUX-SEVRES;20;29;20 - 29;35.8;
SCHENKER;less_100;79;DEUX-SEVRES;30;39;30 - 39;39.72;
SCHENKER;less_100;79;DEUX-SEVRES;40;49;40 - 49;43.07;
SCHENKER;less_100;79;DEUX-SEVRES;50;59;50 - 59;46.42;
SCHENKER;less_100;79;DEUX-SEVRES;60;69;60 - 69;49.78;
SCHENKER;less_100;79;DEUX-SEVRES;70;79;70 - 79;53.14;
SCHENKER;less_100;79;DEUX-SEVRES;80;100;80 - 100;58.73;
SCHENKER;less_100;80;SOMME;1;9;1 - 9;14.9;
SCHENKER;less_100;80;SOMME;10;19;10 - 19;16.99;
SCHENKER;less_100;80;SOMME;20;29;20 - 29;19.07;
SCHENKER;less_100;80;SOMME;30;39;30 - 39;21.16;
SCHENKER;less_100;80;SOMME;40;49;40 - 49;22.95;
SCHENKER;less_100;80;SOMME;50;59;50 - 59;24.74;
SCHENKER;less_100;80;SOMME;60;69;60 - 69;26.53;
SCHENKER;less_100;80;SOMME;70;79;70 - 79;28.32;
SCHENKER;less_100;80;SOMME;80;100;80 - 100;31.29;
SCHENKER;less_100;81;TARN;1;9;1 - 9;38.73;
SCHENKER;less_100;81;TARN;10;19;10 - 19;44.15;
SCHENKER;less_100;81;TARN;20;29;20 - 29;49.57;
SCHENKER;less_100;81;TARN;30;39;30 - 39;54.99;
SCHENKER;less_100;81;TARN;40;49;40 - 49;59.64;
SCHENKER;less_100;81;TARN;50;59;50 - 59;64.28;
SCHENKER;less_100;81;TARN;60;69;60 - 69;68.93;
SCHENKER;less_100;81;TARN;70;79;70 - 79;73.58;
SCHENKER;less_100;81;TARN;80;100;80 - 100;81.32;
SCHENKER;less_100;82;TARN-ET-GARONNE;1;9;1 - 9;36.42;
SCHENKER;less_100;82;TARN-ET-GARONNE;10;19;10 - 19;41.51;
SCHENKER;less_100;82;TARN-ET-GARONNE;20;29;20 - 29;46.62;
SCHENKER;less_100;82;TARN-ET-GARONNE;30;39;30 - 39;51.72;
SCHENKER;less_100;82;TARN-ET-GARONNE;40;49;40 - 49;56.09;
SCHENKER;less_100;82;TARN-ET-GARONNE;50;59;50 - 59;60.46;
SCHENKER;less_100;82;TARN-ET-GARONNE;60;69;60 - 69;64.83;
SCHENKER;less_100;82;TARN-ET-GARONNE;70;79;70 - 79;69.2;
SCHENKER;less_100;82;TARN-ET-GARONNE;80;100;80 - 100;76.48;
SCHENKER;less_100;83;VAR;1;9;1 - 9;42.57;
SCHENKER;less_100;83;VAR;10;19;10 - 19;48.53;
SCHENKER;less_100;83;VAR;20;29;20 - 29;54.49;
SCHENKER;less_100;83;VAR;30;39;30 - 39;60.45;
SCHENKER;less_100;83;VAR;40;49;40 - 49;65.55;
SCHENKER;less_100;83;VAR;50;59;50 - 59;70.67;
SCHENKER;less_100;83;VAR;60;69;60 - 69;75.77;
SCHENKER;less_100;83;VAR;70;79;70 - 79;80.88;
SCHENKER;less_100;83;VAR;80;100;80 - 100;89.4;
SCHENKER;less_100;84;VAUCLUSE;1;9;1 - 9;35.65;
SCHENKER;less_100;84;VAUCLUSE;10;19;10 - 19;40.64;
SCHENKER;less_100;84;VAUCLUSE;20;29;20 - 29;45.64;
SCHENKER;less_100;84;VAUCLUSE;30;39;30 - 39;50.63;
SCHENKER;less_100;84;VAUCLUSE;40;49;40 - 49;54.9;
SCHENKER;less_100;84;VAUCLUSE;50;59;50 - 59;59.18;
SCHENKER;less_100;84;VAUCLUSE;60;69;60 - 69;63.46;
SCHENKER;less_100;84;VAUCLUSE;70;79;70 - 79;67.74;
SCHENKER;less_100;84;VAUCLUSE;80;100;80 - 100;74.87;
SCHENKER;less_100;85;VENDEE Iles;1;9;1 - 9;26.43;
SCHENKER;less_100;85;VENDEE Iles;10;19;10 - 19;30.13;
SCHENKER;less_100;85;VENDEE Iles;20;29;20 - 29;33.83;
SCHENKER;less_100;85;VENDEE Iles;30;39;30 - 39;37.53;
SCHENKER;less_100;85;VENDEE Iles;40;49;40 - 49;40.71;
SCHENKER;less_100;85;VENDEE Iles;50;59;50 - 59;43.87;
SCHENKER;less_100;85;VENDEE Iles;60;69;60 - 69;47.05;
SCHENKER;less_100;85;VENDEE Iles;70;79;70 - 79;50.22;
SCHENKER;less_100;85;VENDEE Iles;80;100;80 - 100;55.51;
SCHENKER;less_100;85;VENDEE Iles;1;9;1 - 9;33.43;
SCHENKER;less_100;85;VENDEE Iles;10;19;10 - 19;38.1;
SCHENKER;less_100;85;VENDEE Iles;20;29;20 - 29;42.79;
SCHENKER;less_100;85;VENDEE Iles;30;39;30 - 39;47.47;
SCHENKER;less_100;85;VENDEE Iles;40;49;40 - 49;51.48;
SCHENKER;less_100;85;VENDEE Iles;50;59;50 - 59;55.49;
SCHENKER;less_100;85;VENDEE Iles;60;69;60 - 69;59.5;
SCHENKER;less_100;85;VENDEE Iles;70;79;70 - 79;63.51;
SCHENKER;less_100;85;VENDEE Iles;80;100;80 - 100;70.2;
SCHENKER;less_100;86;VIENNE;1;9;1 - 9;26.43;
SCHENKER;less_100;86;VIENNE;10;19;10 - 19;30.13;
SCHENKER;less_100;86;VIENNE;20;29;20 - 29;33.83;
SCHENKER;less_100;86;VIENNE;30;39;30 - 39;37.53;
SCHENKER;less_100;86;VIENNE;40;49;40 - 49;40.71;
SCHENKER;less_100;86;VIENNE;50;59;50 - 59;43.87;
SCHENKER;less_100;86;VIENNE;60;69;60 - 69;47.05;
SCHENKER;less_100;86;VIENNE;70;79;70 - 79;50.22;
SCHENKER;less_100;86;VIENNE;80;100;80 - 100;55.51;
SCHENKER;less_100;87;HAUTE-VIENNE;1;9;1 - 9;28.73;
SCHENKER;less_100;87;HAUTE-VIENNE;10;19;10 - 19;32.76;
SCHENKER;less_100;87;HAUTE-VIENNE;20;29;20 - 29;36.78;
SCHENKER;less_100;87;HAUTE-VIENNE;30;39;30 - 39;40.8;
SCHENKER;less_100;87;HAUTE-VIENNE;40;49;40 - 49;44.26;
SCHENKER;less_100;87;HAUTE-VIENNE;50;59;50 - 59;47.7;
SCHENKER;less_100;87;HAUTE-VIENNE;60;69;60 - 69;51.15;
SCHENKER;less_100;87;HAUTE-VIENNE;70;79;70 - 79;54.59;
SCHENKER;less_100;87;HAUTE-VIENNE;80;100;80 - 100;60.35;
SCHENKER;less_100;88;VOSGES;1;9;1 - 9;25.66;
SCHENKER;less_100;88;VOSGES;10;19;10 - 19;29.25;
SCHENKER;less_100;88;VOSGES;20;29;20 - 29;32.85;
SCHENKER;less_100;88;VOSGES;30;39;30 - 39;36.44;
SCHENKER;less_100;88;VOSGES;40;49;40 - 49;39.52;
SCHENKER;less_100;88;VOSGES;50;59;50 - 59;42.6;
SCHENKER;less_100;88;VOSGES;60;69;60 - 69;45.68;
SCHENKER;less_100;88;VOSGES;70;79;70 - 79;48.76;
SCHENKER;less_100;88;VOSGES;80;100;80 - 100;53.89;
SCHENKER;less_100;88;VOSGES Localités d'altitude;1;9;1 - 9;30.94;
SCHENKER;less_100;88;VOSGES Localités d'altitude;10;19;10 - 19;35.28;
SCHENKER;less_100;88;VOSGES Localités d'altitude;20;29;20 - 29;39.61;
SCHENKER;less_100;88;VOSGES Localités d'altitude;30;39;30 - 39;43.94;
SCHENKER;less_100;88;VOSGES Localités d'altitude;40;49;40 - 49;47.66;
SCHENKER;less_100;88;VOSGES Localités d'altitude;50;59;50 - 59;51.37;
SCHENKER;less_100;88;VOSGES Localités d'altitude;60;69;60 - 69;55.09;
SCHENKER;less_100;88;VOSGES Localités d'altitude;70;79;70 - 79;58.79;
SCHENKER;less_100;88;VOSGES Localités d'altitude;80;100;80 - 100;64.99;
SCHENKER;less_100;89;YONNE;1;9;1 - 9;24.13;
SCHENKER;less_100;89;YONNE;10;19;10 - 19;27.5;
SCHENKER;less_100;89;YONNE;20;29;20 - 29;30.88;
SCHENKER;less_100;89;YONNE;30;39;30 - 39;34.26;
SCHENKER;less_100;89;YONNE;40;49;40 - 49;37.15;
SCHENKER;less_100;89;YONNE;50;59;50 - 59;40.05;
SCHENKER;less_100;89;YONNE;60;69;60 - 69;42.94;
SCHENKER;less_100;89;YONNE;70;79;70 - 79;45.84;
SCHENKER;less_100;89;YONNE;80;100;80 - 100;50.66;
SCHENKER;less_100;90;TERR. DE BELFORT;1;9;1 - 9;27.97;
SCHENKER;less_100;90;TERR. DE BELFORT;10;19;10 - 19;31.88;
SCHENKER;less_100;90;TERR. DE BELFORT;20;29;20 - 29;35.8;
SCHENKER;less_100;90;TERR. DE BELFORT;30;39;30 - 39;39.72;
SCHENKER;less_100;90;TERR. DE BELFORT;40;49;40 - 49;43.07;
SCHENKER;less_100;90;TERR. DE BELFORT;50;59;50 - 59;46.42;
SCHENKER;less_100;90;TERR. DE BELFORT;60;69;60 - 69;49.78;
SCHENKER;less_100;90;TERR. DE BELFORT;70;79;70 - 79;53.14;
SCHENKER;less_100;90;TERR. DE BELFORT;80;100;80 - 100;58.73;
SCHENKER;less_100;91;ESSONNE;1;9;1 - 9;20.28;
SCHENKER;less_100;91;ESSONNE;10;19;10 - 19;23.12;
SCHENKER;less_100;91;ESSONNE;20;29;20 - 29;25.96;
SCHENKER;less_100;91;ESSONNE;30;39;30 - 39;28.8;
SCHENKER;less_100;91;ESSONNE;40;49;40 - 49;31.23;
SCHENKER;less_100;91;ESSONNE;50;59;50 - 59;33.67;
SCHENKER;less_100;91;ESSONNE;60;69;60 - 69;36.11;
SCHENKER;less_100;91;ESSONNE;70;79;70 - 79;38.54;
SCHENKER;less_100;91;ESSONNE;80;100;80 - 100;42.6;
SCHENKER;less_100;92;HAUTS-DE-SEINE;1;9;1 - 9;18.75;
SCHENKER;less_100;92;HAUTS-DE-SEINE;10;19;10 - 19;21.37;
SCHENKER;less_100;92;HAUTS-DE-SEINE;20;29;20 - 29;24.0;
SCHENKER;less_100;92;HAUTS-DE-SEINE;30;39;30 - 39;26.61;
SCHENKER;less_100;92;HAUTS-DE-SEINE;40;49;40 - 49;28.87;
SCHENKER;less_100;92;HAUTS-DE-SEINE;50;59;50 - 59;31.12;
SCHENKER;less_100;92;HAUTS-DE-SEINE;60;69;60 - 69;33.37;
SCHENKER;less_100;92;HAUTS-DE-SEINE;70;79;70 - 79;35.62;
SCHENKER;less_100;92;HAUTS-DE-SEINE;80;100;80 - 100;39.37;
SCHENKER;less_100;93;SEINE-ST-DENIS;1;9;1 - 9;18.75;
SCHENKER;less_100;93;SEINE-ST-DENIS;10;19;10 - 19;21.37;
SCHENKER;less_100;93;SEINE-ST-DENIS;20;29;20 - 29;24.0;
SCHENKER;less_100;93;SEINE-ST-DENIS;30;39;30 - 39;26.61;
SCHENKER;less_100;93;SEINE-ST-DENIS;40;49;40 - 49;28.87;
SCHENKER;less_100;93;SEINE-ST-DENIS;50;59;50 - 59;31.12;
SCHENKER;less_100;93;SEINE-ST-DENIS;60;69;60 - 69;33.37;
SCHENKER;less_100;93;SEINE-ST-DENIS;70;79;70 - 79;35.62;
SCHENKER;less_100;93;SEINE-ST-DENIS;80;100;80 - 100;39.37;
SCHENKER;less_100;94;VAL-DE-MARNE;1;9;1 - 9;18.75;
SCHENKER;less_100;94;VAL-DE-MARNE;10;19;10 - 19;21.37;
SCHENKER;less_100;94;VAL-DE-MARNE;20;29;20 - 29;24.0;
SCHENKER;less_100;94;VAL-DE-MARNE;30;39;30 - 39;26.61;
SCHENKER;less_100;94;VAL-DE-MARNE;40;49;40 - 49;28.87;
SCHENKER;less_100;94;VAL-DE-MARNE;50;59;50 - 59;31.12;
SCHENKER;less_100;94;VAL-DE-MARNE;60;69;60 - 69;33.37;
SCHENKER;less_100;94;VAL-DE-MARNE;70;79;70 - 79;35.62;
SCHENKER;less_100;94;VAL-DE-MARNE;80;100;80 - 100;39.37;
SCHENKER;less_100;95;VAL-D OISE;1;9;1 - 9;18.75;
SCHENKER;less_100;95;VAL-D OISE;10;19;10 - 19;21.37;
SCHENKER;less_100;95;VAL-D OISE;20;29;20 - 29;24.0;
SCHENKER;less_100;95;VAL-D OISE;30;39;30 - 39;26.61;
SCHENKER;less_100;95;VAL-D OISE;40;49;40 - 49;28.87;
SCHENKER;less_100;95;VAL-D OISE;50;59;50 - 59;31.12;
SCHENKER;less_100;95;VAL-D OISE;60;69;60 - 69;33.37;
SCHENKER;less_100;95;VAL-D OISE;70;79;70 - 79;35.62;
SCHENKER;less_100;95;VAL-D OISE;80;100;80 - 100;39.37;
SCHENKER;less_100;98;MONACO;1;9;1 - 9;54.12;
SCHENKER;less_100;98;MONACO;10;19;10 - 19;61.7;
SCHENKER;less_100;98;MONACO;20;29;20 - 29;69.27;
SCHENKER;less_100;98;MONACO;30;39;30 - 39;76.85;
SCHENKER;less_100;98;MONACO;40;49;40 - 49;83.34;
SCHENKER;less_100;98;MONACO;50;59;50 - 59;89.83;
SCHENKER;less_100;98;MONACO;60;69;60 - 69;96.33;
SCHENKER;less_100;98;MONACO;70;79;70 - 79;102.83;
SCHENKER;less_100;98;MONACO;80;100;80 - 100;113.65;
SCHENKER;over_100;01;AIN;101;299;101 - 299;;59.01
SCHENKER;over_100;01;AIN;300;499;300 - 499;;54.29
SCHENKER;over_100;01;AIN;500;699;500 - 699;;50.16
SCHENKER;over_100;01;AIN;700;999;700 - 999;;47.21
SCHENKER;over_100;02;AISNE;101;299;101 - 299;;37.49
SCHENKER;over_100;02;AISNE;300;499;300 - 499;;34.49
SCHENKER;over_100;02;AISNE;500;699;500 - 699;;31.87
SCHENKER;over_100;02;AISNE;700;999;700 - 999;;29.99
SCHENKER;over_100;03;ALLIER;101;299;101 - 299;;54.4
SCHENKER;over_100;03;ALLIER;300;499;300 - 499;;50.05
SCHENKER;over_100;03;ALLIER;500;699;500 - 699;;46.24
SCHENKER;over_100;03;ALLIER;700;999;700 - 999;;43.52
SCHENKER;over_100;04;ALPES DE HAUTE- PROV;101;299;101 - 299;;80.53
SCHENKER;over_100;04;ALPES DE HAUTE- PROV;300;499;300 - 499;;74.09
SCHENKER;over_100;04;ALPES DE HAUTE- PROV;500;699;500 - 699;;68.44
SCHENKER;over_100;04;ALPES DE HAUTE- PROV;700;999;700 - 999;;64.42
SCHENKER;over_100;04;Localités d'altitude;101;299;101 - 299;;96.65
SCHENKER;over_100;04;Localités d'altitude;300;499;300 - 499;;88.92
SCHENKER;over_100;04;Localités d'altitude;500;699;500 - 699;;82.15
SCHENKER;over_100;04;Localités d'altitude;700;999;700 - 999;;77.32
SCHENKER;over_100;05;ALPES (HAUTES-);101;299;101 - 299;;78.99
SCHENKER;over_100;05;ALPES (HAUTES-);300;499;300 - 499;;72.67
SCHENKER;over_100;05;ALPES (HAUTES-);500;699;500 - 699;;67.14
SCHENKER;over_100;05;ALPES (HAUTES-);700;999;700 - 999;;63.19
SCHENKER;over_100;05;Localités d'altitude;101;299;101 - 299;;95.0
SCHENKER;over_100;05;Localités d'altitude;300;499;300 - 499;;87.39
SCHENKER;over_100;05;Localités d'altitude;500;699;500 - 699;;80.74
SCHENKER;over_100;05;Localités d'altitude;700;999;700 - 999;;76.0
SCHENKER;over_100;06;ALPES-MARITIMES;101;299;101 - 299;;91.29
SCHENKER;over_100;06;ALPES-MARITIMES;300;499;300 - 499;;83.98
SCHENKER;over_100;06;ALPES-MARITIMES;500;699;500 - 699;;77.6
SCHENKER;over_100;06;ALPES-MARITIMES;700;999;700 - 999;;73.03
SCHENKER;over_100;06;Localités d'altitude;101;299;101 - 299;;108.24
SCHENKER;over_100;06;Localités d'altitude;300;499;300 - 499;;99.58
SCHENKER;over_100;06;Localités d'altitude;500;699;500 - 699;;92.0
SCHENKER;over_100;06;Localités d'altitude;700;999;700 - 999;;86.59
SCHENKER;over_100;07;ARDECHE;101;299;101 - 299;;66.69
SCHENKER;over_100;07;ARDECHE;300;499;300 - 499;;61.35
SCHENKER;over_100;07;ARDECHE;500;699;500 - 699;;56.69
SCHENKER;over_100;07;ARDECHE;700;999;700 - 999;;53.35
SCHENKER;over_100;08;ARDENNES;101;299;101 - 299;;45.18
SCHENKER;over_100;08;ARDENNES;300;499;300 - 499;;41.56
SCHENKER;over_100;08;ARDENNES;500;699;500 - 699;;38.4
SCHENKER;over_100;08;ARDENNES;700;999;700 - 999;;36.14
SCHENKER;over_100;09;ARIEGE;101;299;101 - 299;;80.53
SCHENKER;over_100;09;ARIEGE;300;499;300 - 499;;74.09
SCHENKER;over_100;09;ARIEGE;500;699;500 - 699;;68.44
SCHENKER;over_100;09;ARIEGE;700;999;700 - 999;;64.42
SCHENKER;over_100;09;Localités d'altitude;101;299;101 - 299;;96.65
SCHENKER;over_100;09;Localités d'altitude;300;499;300 - 499;;88.92
SCHENKER;over_100;09;Localités d'altitude;500;699;500 - 699;;82.15
SCHENKER;over_100;09;Localités d'altitude;700;999;700 - 999;;77.32
SCHENKER;over_100;10;AUBE;101;299;101 - 299;;43.64
SCHENKER;over_100;10;AUBE;300;499;300 - 499;;40.15
SCHENKER;over_100;10;AUBE;500;699;500 - 699;;37.09
SCHENKER;over_100;10;AUBE;700;999;700 - 999;;34.91
SCHENKER;over_100;11;AUDE;101;299;101 - 299;;82.06
SCHENKER;over_100;11;AUDE;300;499;300 - 499;;75.5
SCHENKER;over_100;11;AUDE;500;699;500 - 699;;69.75
SCHENKER;over_100;11;AUDE;700;999;700 - 999;;65.65
SCHENKER;over_100;12;AVEYRON;101;299;101 - 299;;75.92
SCHENKER;over_100;12;AVEYRON;300;499;300 - 499;;69.84
SCHENKER;over_100;12;AVEYRON;500;699;500 - 699;;64.53
SCHENKER;over_100;12;AVEYRON;700;999;700 - 999;;60.73
SCHENKER;over_100;13;BOUCHES DU RHONE;101;299;101 - 299;;74.38
SCHENKER;over_100;13;BOUCHES DU RHONE;300;499;300 - 499;;68.43
SCHENKER;over_100;13;BOUCHES DU RHONE;500;699;500 - 699;;63.22
SCHENKER;over_100;13;BOUCHES DU RHONE;700;999;700 - 999;;59.5
SCHENKER;over_100;14;CALVADOS;101;299;101 - 299;;45.18
SCHENKER;over_100;14;CALVADOS;300;499;300 - 499;;41.56
SCHENKER;over_100;14;CALVADOS;500;699;500 - 699;;38.4
SCHENKER;over_100;14;CALVADOS;700;999;700 - 999;;36.14
SCHENKER;over_100;15;CANTAL;101;299;101 - 299;;65.15
SCHENKER;over_100;15;CANTAL;300;499;300 - 499;;59.95
SCHENKER;over_100;15;CANTAL;500;699;500 - 699;;55.38
SCHENKER;over_100;15;CANTAL;700;999;700 - 999;;52.12
SCHENKER;over_100;16;CHARENTE;101;299;101 - 299;;55.94
SCHENKER;over_100;16;CHARENTE;300;499;300 - 499;;51.46
SCHENKER;over_100;16;CHARENTE;500;699;500 - 699;;47.54
SCHENKER;over_100;16;CHARENTE;700;999;700 - 999;;44.75
SCHENKER;over_100;17;CHARENTE- MARITIME;101;299;101 - 299;;55.94
SCHENKER;over_100;17;CHARENTE- MARITIME;300;499;300 - 499;;51.46
SCHENKER;over_100;17;CHARENTE- MARITIME;500;699;500 - 699;;47.54
SCHENKER;over_100;17;CHARENTE- MARITIME;700;999;700 - 999;;44.75
SCHENKER;over_100;17;CHARENTE- MARITIME Iles;101;299;101 - 299;;70.16
SCHENKER;over_100;17;CHARENTE- MARITIME Iles;300;499;300 - 499;;64.56
SCHENKER;over_100;17;CHARENTE- MARITIME Iles;500;699;500 - 699;;59.64
SCHENKER;over_100;17;CHARENTE- MARITIME Iles;700;999;700 - 999;;56.13
SCHENKER;over_100;18;CHER;101;299;101 - 299;;49.79
SCHENKER;over_100;18;CHER;300;499;300 - 499;;45.81
SCHENKER;over_100;18;CHER;500;699;500 - 699;;42.32
SCHENKER;over_100;18;CHER;700;999;700 - 999;;39.83
SCHENKER;over_100;19;CORREZE;101;299;101 - 299;;62.08
SCHENKER;over_100;19;CORREZE;300;499;300 - 499;;57.11
SCHENKER;over_100;19;CORREZE;500;699;500 - 699;;52.77
SCHENKER;over_100;19;CORREZE;700;999;700 - 999;;49.67
SCHENKER;over_100;20;CORSE;101;299;101 - 299;;159.55
SCHENKER;over_100;20;CORSE;300;499;300 - 499;;146.79
SCHENKER;over_100;20;CORSE;500;699;500 - 699;;135.62
SCHENKER;over_100;20;CORSE;700;999;700 - 999;;127.64
SCHENKER;over_100;21;COTE-D OR;101;299;101 - 299;;46.71
SCHENKER;over_100;21;COTE-D OR;300;499;300 - 499;;42.98
SCHENKER;over_100;21;COTE-D OR;500;699;500 - 699;;39.71
SCHENKER;over_100;21;COTE-D OR;700;999;700 - 999;;37.37
SCHENKER;over_100;22;COTES-D ARMOR;101;299;101 - 299;;55.94
SCHENKER;over_100;22;COTES-D ARMOR;300;499;300 - 499;;51.46
SCHENKER;over_100;22;COTES-D ARMOR;500;699;500 - 699;;47.54
SCHENKER;over_100;22;COTES-D ARMOR;700;999;700 - 999;;44.75
SCHENKER;over_100;22;COTES-D ARMOR Iles;101;299;101 - 299;;70.16
SCHENKER;over_100;22;COTES-D ARMOR Iles;300;499;300 - 499;;64.56
SCHENKER;over_100;22;COTES-D ARMOR Iles;500;699;500 - 699;;59.64
SCHENKER;over_100;22;COTES-D ARMOR Iles;700;999;700 - 999;;56.13
SCHENKER;over_100;23;CREUSE;101;299;101 - 299;;57.47
SCHENKER;over_100;23;CREUSE;300;499;300 - 499;;52.88
SCHENKER;over_100;23;CREUSE;500;699;500 - 699;;48.85
SCHENKER;over_100;23;CREUSE;700;999;700 - 999;;45.97
SCHENKER;over_100;24;DORDOGNE;101;299;101 - 299;;65.15
SCHENKER;over_100;24;DORDOGNE;300;499;300 - 499;;59.95
SCHENKER;over_100;24;DORDOGNE;500;699;500 - 699;;55.38
SCHENKER;over_100;24;DORDOGNE;700;999;700 - 999;;52.12
SCHENKER;over_100;25;DOUBS;101;299;101 - 299;;54.4
SCHENKER;over_100;25;DOUBS;300;499;300 - 499;;50.05
SCHENKER;over_100;25;DOUBS;500;699;500 - 699;;46.24
SCHENKER;over_100;25;DOUBS;700;999;700 - 999;;43.52
SCHENKER;over_100;25;DOUBS Localités d'altitude;101;299;101 - 299;;68.51
SCHENKER;over_100;25;DOUBS Localités d'altitude;300;499;300 - 499;;63.04
SCHENKER;over_100;25;DOUBS Localités d'altitude;500;699;500 - 699;;58.24
SCHENKER;over_100;25;DOUBS Localités d'altitude;700;999;700 - 999;;54.82
SCHENKER;over_100;26;DROME;101;299;101 - 299;;65.15
SCHENKER;over_100;26;DROME;300;499;300 - 499;;59.95
SCHENKER;over_100;26;DROME;500;699;500 - 699;;55.38
SCHENKER;over_100;26;DROME;700;999;700 - 999;;52.12
SCHENKER;over_100;27;EURE;101;299;101 - 299;;35.96
SCHENKER;over_100;27;EURE;300;499;300 - 499;;33.08
SCHENKER;over_100;27;EURE;500;699;500 - 699;;30.56
SCHENKER;over_100;27;EURE;700;999;700 - 999;;28.76
SCHENKER;over_100;28;EURE-ET-LOIR;101;299;101 - 299;;42.1
SCHENKER;over_100;28;EURE-ET-LOIR;300;499;300 - 499;;38.74
SCHENKER;over_100;28;EURE-ET-LOIR;500;699;500 - 699;;35.78
SCHENKER;over_100;28;EURE-ET-LOIR;700;999;700 - 999;;33.68
SCHENKER;over_100;29;FINISTERE;101;299;101 - 299;;59.01
SCHENKER;over_100;29;FINISTERE;300;499;300 - 499;;54.29
SCHENKER;over_100;29;FINISTERE;500;699;500 - 699;;50.16
SCHENKER;over_100;29;FINISTERE;700;999;700 - 999;;47.21
SCHENKER;over_100;29;FINISTERE Iles;101;299;101 - 299;;73.48
SCHENKER;over_100;29;FINISTERE Iles;300;499;300 - 499;;67.6
SCHENKER;over_100;29;FINISTERE Iles;500;699;500 - 699;;62.46
SCHENKER;over_100;29;FINISTERE Iles;700;999;700 - 999;;58.79
SCHENKER;over_100;30;GARD;101;299;101 - 299;;75.92
SCHENKER;over_100;30;GARD;300;499;300 - 499;;69.84
SCHENKER;over_100;30;GARD;500;699;500 - 699;;64.53
SCHENKER;over_100;30;GARD;700;999;700 - 999;;60.73
SCHENKER;over_100;31;HAUTE-GARONNE;101;299;101 - 299;;72.84
SCHENKER;over_100;31;HAUTE-GARONNE;300;499;300 - 499;;67.01
SCHENKER;over_100;31;HAUTE-GARONNE;500;699;500 - 699;;61.92
SCHENKER;over_100;31;HAUTE-GARONNE;700;999;700 - 999;;58.27
SCHENKER;over_100;31;HAUTE-GARONNE Localités d'altitude;101;299;101 - 299;;88.37
SCHENKER;over_100;31;HAUTE-GARONNE Localités d'altitude;300;499;300 - 499;;81.3
SCHENKER;over_100;31;HAUTE-GARONNE Localités d'altitude;500;699;500 - 699;;75.12
SCHENKER;over_100;31;HAUTE-GARONNE Localités d'altitude;700;999;700 - 999;;70.7
SCHENKER;over_100;32;GERS;101;299;101 - 299;;77.45
SCHENKER;over_100;32;GERS;300;499;300 - 499;;71.25
SCHENKER;over_100;32;GERS;500;699;500 - 699;;65.84
SCHENKER;over_100;32;GERS;700;999;700 - 999;;61.97
SCHENKER;over_100;33;GIRONDE;101;299;101 - 299;;63.61
SCHENKER;over_100;33;GIRONDE;300;499;300 - 499;;58.53
SCHENKER;over_100;33;GIRONDE;500;699;500 - 699;;54.08
SCHENKER;over_100;33;GIRONDE;700;999;700 - 999;;50.9
SCHENKER;over_100;34;HERAULT;101;299;101 - 299;;77.45
SCHENKER;over_100;34;HERAULT;300;499;300 - 499;;71.25
SCHENKER;over_100;34;HERAULT;500;699;500 - 699;;65.84
SCHENKER;over_100;34;HERAULT;700;999;700 - 999;;61.97
SCHENKER;over_100;35;ILLE-ET-VILAINE;101;299;101 - 299;;46.71
SCHENKER;over_100;35;ILLE-ET-VILAINE;300;499;300 - 499;;42.98
SCHENKER;over_100;35;ILLE-ET-VILAINE;500;699;500 - 699;;39.71
SCHENKER;over_100;35;ILLE-ET-VILAINE;700;999;700 - 999;;37.37
SCHENKER;over_100;36;INDRE;101;299;101 - 299;;52.86
SCHENKER;over_100;36;INDRE;300;499;300 - 499;;48.63
SCHENKER;over_100;36;INDRE;500;699;500 - 699;;44.93
SCHENKER;over_100;36;INDRE;700;999;700 - 999;;42.29
SCHENKER;over_100;37;INDRE-ET-LOIRE;101;299;101 - 299;;46.71
SCHENKER;over_100;37;INDRE-ET-LOIRE;300;499;300 - 499;;42.98
SCHENKER;over_100;37;INDRE-ET-LOIRE;500;699;500 - 699;;39.71
SCHENKER;over_100;37;INDRE-ET-LOIRE;700;999;700 - 999;;37.37
SCHENKER;over_100;38;ISERE;101;299;101 - 299;;63.61
SCHENKER;over_100;38;ISERE;300;499;300 - 499;;58.53
SCHENKER;over_100;38;ISERE;500;699;500 - 699;;54.08
SCHENKER;over_100;38;ISERE;700;999;700 - 999;;50.9
SCHENKER;over_100;38;ISERE Localités d'altitude;101;299;101 - 299;;78.44
SCHENKER;over_100;38;ISERE Localités d'altitude;300;499;300 - 499;;72.17
SCHENKER;over_100;38;ISERE Localités d'altitude;500;699;500 - 699;;66.68
SCHENKER;over_100;38;ISERE Localités d'altitude;700;999;700 - 999;;62.76
SCHENKER;over_100;39;JURA;101;299;101 - 299;;59.01
SCHENKER;over_100;39;JURA;300;499;300 - 499;;54.29
SCHENKER;over_100;39;JURA;500;699;500 - 699;;50.16
SCHENKER;over_100;39;JURA;700;999;700 - 999;;47.21
SCHENKER;over_100;39;JURA Localités d'altitude;101;299;101 - 299;;73.48
SCHENKER;over_100;39;JURA Localités d'altitude;300;499;300 - 499;;67.6
SCHENKER;over_100;39;JURA Localités d'altitude;500;699;500 - 699;;62.46
SCHENKER;over_100;39;JURA Localités d'altitude;700;999;700 - 999;;58.79
SCHENKER;over_100;40;LANDES;101;299;101 - 299;;74.38
SCHENKER;over_100;40;LANDES;300;499;300 - 499;;68.43
SCHENKER;over_100;40;LANDES;500;699;500 - 699;;63.22
SCHENKER;over_100;40;LANDES;700;999;700 - 999;;59.5
SCHENKER;over_100;41;LOIR-ET-CHER;101;299;101 - 299;;46.71
SCHENKER;over_100;41;LOIR-ET-CHER;300;499;300 - 499;;42.98
SCHENKER;over_100;41;LOIR-ET-CHER;500;699;500 - 699;;39.71
SCHENKER;over_100;41;LOIR-ET-CHER;700;999;700 - 999;;37.37
SCHENKER;over_100;42;LOIRE;101;299;101 - 299;;59.01
SCHENKER;over_100;42;LOIRE;300;499;300 - 499;;54.29
SCHENKER;over_100;42;LOIRE;500;699;500 - 699;;50.16
SCHENKER;over_100;42;LOIRE;700;999;700 - 999;;47.21
SCHENKER;over_100;42;LOIRE Localités d'altitude;101;299;101 - 299;;73.48
SCHENKER;over_100;42;LOIRE Localités d'altitude;300;499;300 - 499;;67.6
SCHENKER;over_100;42;LOIRE Localités d'altitude;500;699;500 - 699;;62.46
SCHENKER;over_100;42;LOIRE Localités d'altitude;700;999;700 - 999;;58.79
SCHENKER;over_100;43;HAUTE-LOIRE;101;299;101 - 299;;65.15
SCHENKER;over_100;43;HAUTE-LOIRE;300;499;300 - 499;;59.95
SCHENKER;over_100;43;HAUTE-LOIRE;500;699;500 - 699;;55.38
SCHENKER;over_100;43;HAUTE-LOIRE;700;999;700 - 999;;52.12
SCHENKER;over_100;44;LOIRE-ATLANTIQUE;101;299;101 - 299;;51.33
SCHENKER;over_100;44;LOIRE-ATLANTIQUE;300;499;300 - 499;;47.21
SCHENKER;over_100;44;LOIRE-ATLANTIQUE;500;699;500 - 699;;43.63
SCHENKER;over_100;44;LOIRE-ATLANTIQUE;700;999;700 - 999;;41.06
SCHENKER;over_100;45;LOIRET;101;299;101 - 299;;43.64
SCHENKER;over_100;45;LOIRET;300;499;300 - 499;;40.15
SCHENKER;over_100;45;LOIRET;500;699;500 - 699;;37.09
SCHENKER;over_100;45;LOIRET;700;999;700 - 999;;34.91
SCHENKER;over_100;46;LOT;101;299;101 - 299;;71.3
SCHENKER;over_100;46;LOT;300;499;300 - 499;;65.6
SCHENKER;over_100;46;LOT;500;699;500 - 699;;60.61
SCHENKER;over_100;46;LOT;700;999;700 - 999;;57.04
SCHENKER;over_100;47;LOT-ET-GARONNE;101;299;101 - 299;;69.77
SCHENKER;over_100;47;LOT-ET-GARONNE;300;499;300 - 499;;64.19
SCHENKER;over_100;47;LOT-ET-GARONNE;500;699;500 - 699;;59.3
SCHENKER;over_100;47;LOT-ET-GARONNE;700;999;700 - 999;;55.82
SCHENKER;over_100;48;LOZERE;101;299;101 - 299;;72.84
SCHENKER;over_100;48;LOZERE;300;499;300 - 499;;67.01
SCHENKER;over_100;48;LOZERE;500;699;500 - 699;;61.92
SCHENKER;over_100;48;LOZERE;700;999;700 - 999;;58.27
SCHENKER;over_100;49;MAINE-ET-LOIRE;101;299;101 - 299;;48.25
SCHENKER;over_100;49;MAINE-ET-LOIRE;300;499;300 - 499;;44.39
SCHENKER;over_100;49;MAINE-ET-LOIRE;500;699;500 - 699;;41.01
SCHENKER;over_100;49;MAINE-ET-LOIRE;700;999;700 - 999;;38.6
SCHENKER;over_100;50;MANCHE;101;299;101 - 299;;49.79
SCHENKER;over_100;50;MANCHE;300;499;300 - 499;;45.81
SCHENKER;over_100;50;MANCHE;500;699;500 - 699;;42.32
SCHENKER;over_100;50;MANCHE;700;999;700 - 999;;39.83
SCHENKER;over_100;51;MARNE;101;299;101 - 299;;45.18
SCHENKER;over_100;51;MARNE;300;499;300 - 499;;41.56
SCHENKER;over_100;51;MARNE;500;699;500 - 699;;38.4
SCHENKER;over_100;51;MARNE;700;999;700 - 999;;36.14
SCHENKER;over_100;52;HAUTE-MARNE;101;299;101 - 299;;49.79
SCHENKER;over_100;52;HAUTE-MARNE;300;499;300 - 499;;45.81
SCHENKER;over_100;52;HAUTE-MARNE;500;699;500 - 699;;42.32
SCHENKER;over_100;52;HAUTE-MARNE;700;999;700 - 999;;39.83
SCHENKER;over_100;53;MAYENNE;101;299;101 - 299;;52.86
SCHENKER;over_100;53;MAYENNE;300;499;300 - 499;;48.63
SCHENKER;over_100;53;MAYENNE;500;699;500 - 699;;44.93
SCHENKER;over_100;53;MAYENNE;700;999;700 - 999;;42.29
SCHENKER;over_100;54;MEURTHE-ET- MOSELLE;101;299;101 - 299;;51.33
SCHENKER;over_100;54;MEURTHE-ET- MOSELLE;300;499;300 - 499;;47.21
SCHENKER;over_100;54;MEURTHE-ET- MOSELLE;500;699;500 - 699;;43.63
SCHENKER;over_100;54;MEURTHE-ET- MOSELLE;700;999;700 - 999;;41.06
SCHENKER;over_100;55;MEUSE;101;299;101 - 299;;45.18
SCHENKER;over_100;55;MEUSE;300;499;300 - 499;;41.56
SCHENKER;over_100;55;MEUSE;500;699;500 - 699;;38.4
SCHENKER;over_100;55;MEUSE;700;999;700 - 999;;36.14
SCHENKER;over_100;56;MORBIHAN;101;299;101 - 299;;60.55
SCHENKER;over_100;56;MORBIHAN;300;499;300 - 499;;55.7
SCHENKER;over_100;56;MORBIHAN;500;699;500 - 699;;51.46
SCHENKER;over_100;56;MORBIHAN;700;999;700 - 999;;48.44
SCHENKER;over_100;56;MORBIHAN Iles;101;299;101 - 299;;75.13
SCHENKER;over_100;56;MORBIHAN Iles;300;499;300 - 499;;69.13
SCHENKER;over_100;56;MORBIHAN Iles;500;699;500 - 699;;63.87
SCHENKER;over_100;56;MORBIHAN Iles;700;999;700 - 999;;60.11
SCHENKER;over_100;57;MOSELLE;101;299;101 - 299;;48.25
SCHENKER;over_100;57;MOSELLE;300;499;300 - 499;;44.39
SCHENKER;over_100;57;MOSELLE;500;699;500 - 699;;41.01
SCHENKER;over_100;57;MOSELLE;700;999;700 - 999;;38.6
SCHENKER;over_100;58;NIEVRE;101;299;101 - 299;;52.86
SCHENKER;over_100;58;NIEVRE;300;499;300 - 499;;48.63
SCHENKER;over_100;58;NIEVRE;500;699;500 - 699;;44.93
SCHENKER;over_100;58;NIEVRE;700;999;700 - 999;;42.29
SCHENKER;over_100;59;NORD;101;299;101 - 299;;32.88
SCHENKER;over_100;59;NORD;300;499;300 - 499;;30.25
SCHENKER;over_100;59;NORD;500;699;500 - 699;;27.95
SCHENKER;over_100;59;NORD;700;999;700 - 999;;26.31
SCHENKER;over_100;60;OISE;101;299;101 - 299;;32.88
SCHENKER;over_100;60;OISE;300;499;300 - 499;;30.25
SCHENKER;over_100;60;OISE;500;699;500 - 699;;27.95
SCHENKER;over_100;60;OISE;700;999;700 - 999;;26.31
SCHENKER;over_100;61;ORNE;101;299;101 - 299;;43.64
SCHENKER;over_100;61;ORNE;300;499;300 - 499;;40.15
SCHENKER;over_100;61;ORNE;500;699;500 - 699;;37.09
SCHENKER;over_100;61;ORNE;700;999;700 - 999;;34.91
SCHENKER;over_100;62;PAS-DE-CALAIS;101;299;101 - 299;;34.42
SCHENKER;over_100;62;PAS-DE-CALAIS;300;499;300 - 499;;31.67
SCHENKER;over_100;62;PAS-DE-CALAIS;500;699;500 - 699;;29.25
SCHENKER;over_100;62;PAS-DE-CALAIS;700;999;700 - 999;;27.53
SCHENKER;over_100;63;PUY-DE-DOME;101;299;101 - 299;;60.55
SCHENKER;over_100;63;PUY-DE-DOME;300;499;300 - 499;;55.7
SCHENKER;over_100;63;PUY-DE-DOME;500;699;500 - 699;;51.46
SCHENKER;over_100;63;PUY-DE-DOME;700;999;700 - 999;;48.44
SCHENKER;over_100;63;PUY-DE-DOME Localités d'altitude;101;299;101 - 299;;75.13
SCHENKER;over_100;63;PUY-DE-DOME Localités d'altitude;300;499;300 - 499;;69.13
SCHENKER;over_100;63;PUY-DE-DOME Localités d'altitude;500;699;500 - 699;;63.87
SCHENKER;over_100;63;PUY-DE-DOME Localités d'altitude;700;999;700 - 999;;60.11
SCHENKER;over_100;64;PYRENEES- ATLANTIQUE;101;299;101 - 299;;75.92
SCHENKER;over_100;64;PYRENEES- ATLANTIQUE;300;499;300 - 499;;69.84
SCHENKER;over_100;64;PYRENEES- ATLANTIQUE;500;699;500 - 699;;64.53
SCHENKER;over_100;64;PYRENEES- ATLANTIQUE;700;999;700 - 999;;60.73
SCHENKER;over_100;64;PYRENEES- ATLANTIQUE Localités d'altitude;101;299;101 - 299;;91.68
SCHENKER;over_100;64;PYRENEES- ATLANTIQUE Localités d'altitude;300;499;300 - 499;;84.36
SCHENKER;over_100;64;PYRENEES- ATLANTIQUE Localités d'altitude;500;699;500 - 699;;77.93
SCHENKER;over_100;64;PYRENEES- ATLANTIQUE Localités d'altitude;700;999;700 - 999;;73.35
SCHENKER;over_100;65;HAUTES-PYRENEES;101;299;101 - 299;;77.45
SCHENKER;over_100;65;HAUTES-PYRENEES;300;499;300 - 499;;71.25
SCHENKER;over_100;65;HAUTES-PYRENEES;500;699;500 - 699;;65.84
SCHENKER;over_100;65;HAUTES-PYRENEES;700;999;700 - 999;;61.97
SCHENKER;over_100;65;HAUTES-PYRENEES Localités d'altitude;101;299;101 - 299;;93.34
SCHENKER;over_100;65;HAUTES-PYRENEES Localités d'altitude;300;499;300 - 499;;85.87
SCHENKER;over_100;65;HAUTES-PYRENEES Localités d'altitude;500;699;500 - 699;;79.34
SCHENKER;over_100;65;HAUTES-PYRENEES Localités d'altitude;700;999;700 - 999;;74.67
SCHENKER;over_100;66;PYRENEES- ORIENTALES;101;299;101 - 299;;86.67
SCHENKER;over_100;66;PYRENEES- ORIENTALES;300;499;300 - 499;;79.74
SCHENKER;over_100;66;PYRENEES- ORIENTALES;500;699;500 - 699;;73.67
SCHENKER;over_100;66;PYRENEES- ORIENTALES;700;999;700 - 999;;69.34
SCHENKER;over_100;66;PYRENEES- ORIENTALES Localités d'altitude;101;299;101 - 299;;103.27
SCHENKER;over_100;66;PYRENEES- ORIENTALES Localités d'altitude;300;499;300 - 499;;95.02
SCHENKER;over_100;66;PYRENEES- ORIENTALES Localités d'altitude;500;699;500 - 699;;87.79
SCHENKER;over_100;66;PYRENEES- ORIENTALES Localités d'altitude;700;999;700 - 999;;82.62
SCHENKER;over_100;67;BAS-RHIN;101;299;101 - 299;;52.86
SCHENKER;over_100;67;BAS-RHIN;300;499;300 - 499;;48.63
SCHENKER;over_100;67;BAS-RHIN;500;699;500 - 699;;44.93
SCHENKER;over_100;67;BAS-RHIN;700;999;700 - 999;;42.29
SCHENKER;over_100;68;HAUT-RHIN;101;299;101 - 299;;55.94
SCHENKER;over_100;68;HAUT-RHIN;300;499;300 - 499;;51.46
SCHENKER;over_100;68;HAUT-RHIN;500;699;500 - 699;;47.54
SCHENKER;over_100;68;HAUT-RHIN;700;999;700 - 999;;44.75
SCHENKER;over_100;69;RHONE;101;299;101 - 299;;55.94
SCHENKER;over_100;69;RHONE;300;499;300 - 499;;51.46
SCHENKER;over_100;69;RHONE;500;699;500 - 699;;47.54
SCHENKER;over_100;69;RHONE;700;999;700 - 999;;44.75
SCHENKER;over_100;70;HAUTE-SAONE;101;299;101 - 299;;55.94
SCHENKER;over_100;70;HAUTE-SAONE;300;499;300 - 499;;51.46
SCHENKER;over_100;70;HAUTE-SAONE;500;699;500 - 699;;47.54
SCHENKER;over_100;70;HAUTE-SAONE;700;999;700 - 999;;44.75
SCHENKER;over_100;71;SAONE-ET-LOIRE;101;299;101 - 299;;57.47
SCHENKER;over_100;71;SAONE-ET-LOIRE;300;499;300 - 499;;52.88
SCHENKER;over_100;71;SAONE-ET-LOIRE;500;699;500 - 699;;48.85
SCHENKER;over_100;71;SAONE-ET-LOIRE;700;999;700 - 999;;45.97
SCHENKER;over_100;72;SARTHE;101;299;101 - 299;;43.64
SCHENKER;over_100;72;SARTHE;300;499;300 - 499;;40.15
SCHENKER;over_100;72;SARTHE;500;699;500 - 699;;37.09
SCHENKER;over_100;72;SARTHE;700;999;700 - 999;;34.91
SCHENKER;over_100;73;SAVOIE;101;299;101 - 299;;62.08
SCHENKER;over_100;73;SAVOIE;300;499;300 - 499;;57.11
SCHENKER;over_100;73;SAVOIE;500;699;500 - 699;;52.77
SCHENKER;over_100;73;SAVOIE;700;999;700 - 999;;49.67
SCHENKER;over_100;73;SAVOIE Localités d'altitude;101;299;101 - 299;;76.79
SCHENKER;over_100;73;SAVOIE Localités d'altitude;300;499;300 - 499;;70.64
SCHENKER;over_100;73;SAVOIE Localités d'altitude;500;699;500 - 699;;65.27
SCHENKER;over_100;73;SAVOIE Localités d'altitude;700;999;700 - 999;;61.43
SCHENKER;over_100;74;HAUTE-SAVOIE;101;299;101 - 299;;62.08
SCHENKER;over_100;74;HAUTE-SAVOIE;300;499;300 - 499;;57.11
SCHENKER;over_100;74;HAUTE-SAVOIE;500;699;500 - 699;;52.77
SCHENKER;over_100;74;HAUTE-SAVOIE;700;999;700 - 999;;49.67
SCHENKER;over_100;74;HAUTE-SAVOIE Localités d'altitude;101;299;101 - 299;;76.79
SCHENKER;over_100;74;HAUTE-SAVOIE Localités d'altitude;300;499;300 - 499;;70.64
SCHENKER;over_100;74;HAUTE-SAVOIE Localités d'altitude;500;699;500 - 699;;65.27
SCHENKER;over_100;74;HAUTE-SAVOIE Localités d'altitude;700;999;700 - 999;;61.43
SCHENKER;over_100;75;PARIS;101;299;101 - 299;;37.49
SCHENKER;over_100;75;PARIS;300;499;300 - 499;;34.49
SCHENKER;over_100;75;PARIS;500;699;500 - 699;;31.87
SCHENKER;over_100;75;PARIS;700;999;700 - 999;;29.99
SCHENKER;over_100;76;SEINE-MARITIME;101;299;101 - 299;;34.42
SCHENKER;over_100;76;SEINE-MARITIME;300;499;300 - 499;;31.67
SCHENKER;over_100;76;SEINE-MARITIME;500;699;500 - 699;;29.25
SCHENKER;over_100;76;SEINE-MARITIME;700;999;700 - 999;;27.53
SCHENKER;over_100;77;SEINE-ET-MARNE;101;299;101 - 299;;42.1
SCHENKER;over_100;77;SEINE-ET-MARNE;300;499;300 - 499;;38.74
SCHENKER;over_100;77;SEINE-ET-MARNE;500;699;500 - 699;;35.78
SCHENKER;over_100;77;SEINE-ET-MARNE;700;999;700 - 999;;33.68
SCHENKER;over_100;78;YVELINES;101;299;101 - 299;;39.03
SCHENKER;over_100;78;YVELINES;300;499;300 - 499;;35.91
SCHENKER;over_100;78;YVELINES;500;699;500 - 699;;33.17
SCHENKER;over_100;78;YVELINES;700;999;700 - 999;;31.22
SCHENKER;over_100;79;DEUX-SEVRES;101;299;101 - 299;;55.94
SCHENKER;over_100;79;DEUX-SEVRES;300;499;300 - 499;;51.46
SCHENKER;over_100;79;DEUX-SEVRES;500;699;500 - 699;;47.54
SCHENKER;over_100;79;DEUX-SEVRES;700;999;700 - 999;;44.75
SCHENKER;over_100;80;SOMME;101;299;101 - 299;;29.81
SCHENKER;over_100;80;SOMME;300;499;300 - 499;;27.42
SCHENKER;over_100;80;SOMME;500;699;500 - 699;;25.33
SCHENKER;over_100;80;SOMME;700;999;700 - 999;;23.84
SCHENKER;over_100;81;TARN;101;299;101 - 299;;77.45
SCHENKER;over_100;81;TARN;300;499;300 - 499;;71.25
SCHENKER;over_100;81;TARN;500;699;500 - 699;;65.84
SCHENKER;over_100;81;TARN;700;999;700 - 999;;61.97
SCHENKER;over_100;82;TARN-ET-GARONNE;101;299;101 - 299;;72.84
SCHENKER;over_100;82;TARN-ET-GARONNE;300;499;300 - 499;;67.01
SCHENKER;over_100;82;TARN-ET-GARONNE;500;699;500 - 699;;61.92
SCHENKER;over_100;82;TARN-ET-GARONNE;700;999;700 - 999;;58.27
SCHENKER;over_100;83;VAR;101;299;101 - 299;;85.13
SCHENKER;over_100;83;VAR;300;499;300 - 499;;78.33
SCHENKER;over_100;83;VAR;500;699;500 - 699;;72.36
SCHENKER;over_100;83;VAR;700;999;700 - 999;;68.11
SCHENKER;over_100;84;VAUCLUSE;101;299;101 - 299;;71.3
SCHENKER;over_100;84;VAUCLUSE;300;499;300 - 499;;65.6
SCHENKER;over_100;84;VAUCLUSE;500;699;500 - 699;;60.61
SCHENKER;over_100;84;VAUCLUSE;700;999;700 - 999;;57.04
SCHENKER;over_100;85;VENDEE Iles;101;299;101 - 299;;52.86
SCHENKER;over_100;85;VENDEE Iles;300;499;300 - 499;;48.63
SCHENKER;over_100;85;VENDEE Iles;500;699;500 - 699;;44.93
SCHENKER;over_100;85;VENDEE Iles;700;999;700 - 999;;42.29
SCHENKER;over_100;85;VENDEE Iles;101;299;101 - 299;;66.86
SCHENKER;over_100;85;VENDEE Iles;300;499;300 - 499;;61.51
SCHENKER;over_100;85;VENDEE Iles;500;699;500 - 699;;56.82
SCHENKER;over_100;85;VENDEE Iles;700;999;700 - 999;;53.49
SCHENKER;over_100;86;VIENNE;101;299;101 - 299;;52.86
SCHENKER;over_100;86;VIENNE;300;499;300 - 499;;48.63
SCHENKER;over_100;86;VIENNE;500;699;500 - 699;;44.93
SCHENKER;over_100;86;VIENNE;700;999;700 - 999;;42.29
SCHENKER;over_100;87;HAUTE-VIENNE;101;299;101 - 299;;57.47
SCHENKER;over_100;87;HAUTE-VIENNE;300;499;300 - 499;;52.88
SCHENKER;over_100;87;HAUTE-VIENNE;500;699;500 - 699;;48.85
SCHENKER;over_100;87;HAUTE-VIENNE;700;999;700 - 999;;45.97
SCHENKER;over_100;88;VOSGES;101;299;101 - 299;;51.33
SCHENKER;over_100;88;VOSGES;300;499;300 - 499;;47.21
SCHENKER;over_100;88;VOSGES;500;699;500 - 699;;43.63
SCHENKER;over_100;88;VOSGES;700;999;700 - 999;;41.06
SCHENKER;over_100;88;VOSGES Localités d'altitude;101;299;101 - 299;;61.89
SCHENKER;over_100;88;VOSGES Localités d'altitude;300;499;300 - 499;;56.94
SCHENKER;over_100;88;VOSGES Localités d'altitude;500;699;500 - 699;;52.61
SCHENKER;over_100;88;VOSGES Localités d'altitude;700;999;700 - 999;;49.51
SCHENKER;over_100;89;YONNE;101;299;101 - 299;;48.25
SCHENKER;over_100;89;YONNE;300;499;300 - 499;;44.39
SCHENKER;over_100;89;YONNE;500;699;500 - 699;;41.01
SCHENKER;over_100;89;YONNE;700;999;700 - 999;;38.6
SCHENKER;over_100;90;TERR. DE BELFORT;101;299;101 - 299;;55.94
SCHENKER;over_100;90;TERR. DE BELFORT;300;499;300 - 499;;51.46
SCHENKER;over_100;90;TERR. DE BELFORT;500;699;500 - 699;;47.54
SCHENKER;over_100;90;TERR. DE BELFORT;700;999;700 - 999;;44.75
SCHENKER;over_100;91;ESSONNE;101;299;101 - 299;;40.56
SCHENKER;over_100;91;ESSONNE;300;499;300 - 499;;37.32
SCHENKER;over_100;91;ESSONNE;500;699;500 - 699;;34.48
SCHENKER;over_100;91;ESSONNE;700;999;700 - 999;;32.46
SCHENKER;over_100;92;HAUTS-DE-SEINE;101;299;101 - 299;;37.49
SCHENKER;over_100;92;HAUTS-DE-SEINE;300;499;300 - 499;;34.49
SCHENKER;over_100;92;HAUTS-DE-SEINE;500;699;500 - 699;;31.87
SCHENKER;over_100;92;HAUTS-DE-SEINE;700;999;700 - 999;;29.99
SCHENKER;over_100;93;SEINE-ST-DENIS;101;299;101 - 299;;37.49
SCHENKER;over_100;93;SEINE-ST-DENIS;300;499;300 - 499;;34.49
SCHENKER;over_100;93;SEINE-ST-DENIS;500;699;500 - 699;;31.87
SCHENKER;over_100;93;SEINE-ST-DENIS;700;999;700 - 999;;29.99
SCHENKER;over_100;94;VAL-DE-MARNE;101;299;101 - 299;;37.49
SCHENKER;over_100;94;VAL-DE-MARNE;300;499;300 - 499;;34.49
SCHENKER;over_100;94;VAL-DE-MARNE;500;699;500 - 699;;31.87
SCHENKER;over_100;94;VAL-DE-MARNE;700;999;700 - 999;;29.99
SCHENKER;over_100;95;VAL-D OISE;101;299;101 - 299;;37.49
SCHENKER;over_100;95;VAL-D OISE;300;499;300 - 499;;34.49
SCHENKER;over_100;95;VAL-D OISE;500;699;500 - 699;;31.87
SCHENKER;over_100;95;VAL-D OISE;700;999;700 - 999;;29.99
SCHENKER;over_100;98;MONACO;101;299;101 - 299;;108.24
SCHENKER;over_100;98;MONACO;300;499;300 - 499;;99.58
SCHENKER;over_100;98;MONACO;500;699;500 - 699;;92.0
SCHENKER;over_100;98;MONACO;700;999;700 - 999;;86.59
